"","X","country","survey","year","obs","admin_level","admin1_num","urban","fever","access","formal","hcnobeds","hcbeds","opd","chw","test","fline","othrantimal","compl_f","compl_i","eff_cov","scaling","imputed","county"
"1",2,"Kenya","KEKR42FL2003.DTA",2003,697,"region",2,"0,137198702900632","0,488530536217526","0,724356841369832","0,619731778758505","0,493129231589026","0,279476643756847","0,227394124654127","0",NA,"0,107870909677499","0,0687914000376169","0,583489513799796","0,793183887967487","0,432250690995638","0,596737224402007",FALSE,"Kiambu"
"2",2,"Kenya","KEKR42FL2003.DTA",2003,697,"region",2,"0,137198702900632","0,488530536217526","0,724356841369832","0,619731778758505","0,493129231589026","0,279476643756847","0,227394124654127","0",NA,"0,107870909677499","0,0687914000376169","0,583489513799796","0,793183887967487","0,432250690995638","0,596737224402007",FALSE,"Muranga"
"3",2,"Kenya","KEKR42FL2003.DTA",2003,697,"region",2,"0,137198702900632","0,488530536217526","0,724356841369832","0,619731778758505","0,493129231589026","0,279476643756847","0,227394124654127","0",NA,"0,107870909677499","0,0687914000376169","0,583489513799796","0,793183887967487","0,432250690995638","0,596737224402007",FALSE,"Kirinyaga"
"4",2,"Kenya","KEKR42FL2003.DTA",2003,697,"region",2,"0,137198702900632","0,488530536217526","0,724356841369832","0,619731778758505","0,493129231589026","0,279476643756847","0,227394124654127","0",NA,"0,107870909677499","0,0687914000376169","0,583489513799796","0,793183887967487","0,432250690995638","0,596737224402007",FALSE,"Nyeri"
"5",2,"Kenya","KEKR42FL2003.DTA",2003,697,"region",2,"0,137198702900632","0,488530536217526","0,724356841369832","0,619731778758505","0,493129231589026","0,279476643756847","0,227394124654127","0",NA,"0,107870909677499","0,0687914000376169","0,583489513799796","0,793183887967487","0,432250690995638","0,596737224402007",FALSE,"Nyandarua"
"6",3,"Kenya","KEKR42FL2003.DTA",2003,647,"region",3,"0,322477016452953","0,406903308583969","0,685470241289983","0,854346709051603","0,569430937685959","0,312391692045679","0,107262896361593","0,0109144739067691",NA,"0,253846778715537","0,158415600791855","0,608184063760464","0,688291188574166","0,445659571586589","0,650151596293816",FALSE,"Tana River"
"7",3,"Kenya","KEKR42FL2003.DTA",2003,647,"region",3,"0,322477016452953","0,406903308583969","0,685470241289983","0,854346709051603","0,569430937685959","0,312391692045679","0,107262896361593","0,0109144739067691",NA,"0,253846778715537","0,158415600791855","0,608184063760464","0,688291188574166","0,445659571586589","0,650151596293816",FALSE,"Mombasa"
"8",3,"Kenya","KEKR42FL2003.DTA",2003,647,"region",3,"0,322477016452953","0,406903308583969","0,685470241289983","0,854346709051603","0,569430937685959","0,312391692045679","0,107262896361593","0,0109144739067691",NA,"0,253846778715537","0,158415600791855","0,608184063760464","0,688291188574166","0,445659571586589","0,650151596293816",FALSE,"Kilifi"
"9",3,"Kenya","KEKR42FL2003.DTA",2003,647,"region",3,"0,322477016452953","0,406903308583969","0,685470241289983","0,854346709051603","0,569430937685959","0,312391692045679","0,107262896361593","0,0109144739067691",NA,"0,253846778715537","0,158415600791855","0,608184063760464","0,688291188574166","0,445659571586589","0,650151596293816",FALSE,"Kwale"
"10",3,"Kenya","KEKR42FL2003.DTA",2003,647,"region",3,"0,322477016452953","0,406903308583969","0,685470241289983","0,854346709051603","0,569430937685959","0,312391692045679","0,107262896361593","0,0109144739067691",NA,"0,253846778715537","0,158415600791855","0,608184063760464","0,688291188574166","0,445659571586589","0,650151596293816",FALSE,"Lamu"
"11",3,"Kenya","KEKR42FL2003.DTA",2003,647,"region",3,"0,322477016452953","0,406903308583969","0,685470241289983","0,854346709051603","0,569430937685959","0,312391692045679","0,107262896361593","0,0109144739067691",NA,"0,253846778715537","0,158415600791855","0,608184063760464","0,688291188574166","0,445659571586589","0,650151596293816",FALSE,"Taita Taveta"
"12",4,"Kenya","KEKR42FL2003.DTA",2003,654,"region",4,"0,0444439030597956","0,270897197039611","0,671143984042166","0,837624902664624","0,406819636395152","0,301811128603588","0,279813927247802","0,0115553077534591",NA,"0,240606273234036","0,173419812755719","0,551398268896149","0,763792271403316","0,427691827513671","0,63725793225139",FALSE,"Kitui"
"13",4,"Kenya","KEKR42FL2003.DTA",2003,654,"region",4,"0,0444439030597956","0,270897197039611","0,671143984042166","0,837624902664624","0,406819636395152","0,301811128603588","0,279813927247802","0,0115553077534591",NA,"0,240606273234036","0,173419812755719","0,551398268896149","0,763792271403316","0,427691827513671","0,63725793225139",FALSE,"Marsabit"
"14",4,"Kenya","KEKR42FL2003.DTA",2003,654,"region",4,"0,0444439030597956","0,270897197039611","0,671143984042166","0,837624902664624","0,406819636395152","0,301811128603588","0,279813927247802","0,0115553077534591",NA,"0,240606273234036","0,173419812755719","0,551398268896149","0,763792271403316","0,427691827513671","0,63725793225139",FALSE,"Makueni"
"15",4,"Kenya","KEKR42FL2003.DTA",2003,654,"region",4,"0,0444439030597956","0,270897197039611","0,671143984042166","0,837624902664624","0,406819636395152","0,301811128603588","0,279813927247802","0,0115553077534591",NA,"0,240606273234036","0,173419812755719","0,551398268896149","0,763792271403316","0,427691827513671","0,63725793225139",FALSE,"Machakos"
"16",4,"Kenya","KEKR42FL2003.DTA",2003,654,"region",4,"0,0444439030597956","0,270897197039611","0,671143984042166","0,837624902664624","0,406819636395152","0,301811128603588","0,279813927247802","0,0115553077534591",NA,"0,240606273234036","0,173419812755719","0,551398268896149","0,763792271403316","0,427691827513671","0,63725793225139",FALSE,"Meru"
"17",4,"Kenya","KEKR42FL2003.DTA",2003,654,"region",4,"0,0444439030597956","0,270897197039611","0,671143984042166","0,837624902664624","0,406819636395152","0,301811128603588","0,279813927247802","0,0115553077534591",NA,"0,240606273234036","0,173419812755719","0,551398268896149","0,763792271403316","0,427691827513671","0,63725793225139",FALSE,"Embu"
"18",4,"Kenya","KEKR42FL2003.DTA",2003,654,"region",4,"0,0444439030597956","0,270897197039611","0,671143984042166","0,837624902664624","0,406819636395152","0,301811128603588","0,279813927247802","0,0115553077534591",NA,"0,240606273234036","0,173419812755719","0,551398268896149","0,763792271403316","0,427691827513671","0,63725793225139",FALSE,"Isiolo"
"19",4,"Kenya","KEKR42FL2003.DTA",2003,654,"region",4,"0,0444439030597956","0,270897197039611","0,671143984042166","0,837624902664624","0,406819636395152","0,301811128603588","0,279813927247802","0,0115553077534591",NA,"0,240606273234036","0,173419812755719","0,551398268896149","0,763792271403316","0,427691827513671","0,63725793225139",FALSE,"Tharaka-Nithi"
"20",1,"Kenya","KEKR42FL2003.DTA",2003,508,"region",1,"1","0,384538776537224","0,753329891072053","0,739682768688917","0,356657405255562","0,528287141339485","0,10493350320314","0,0101219502018131",NA,"0,0487581365621758","0,051230996590874","0,341808127448955","0,776695305308377","0,433673481856234","0,575675394001796",FALSE,"Nairobi"
"21",8,"Kenya","KEKR42FL2003.DTA",2003,404,"region",8,"0,173414109678344","0,229394072468078","0,421385046333626","0,698068666362679","0,537571793047399","0,13369789307912","0,289330764650479","0,0393995492230019",NA,"0,389049650303567","0,250650246529323","0,56542386266808","0,760553487867893","0,256159119025158","0,607897981321215",FALSE,"Wajir"
"22",8,"Kenya","KEKR42FL2003.DTA",2003,404,"region",8,"0,173414109678344","0,229394072468078","0,421385046333626","0,698068666362679","0,537571793047399","0,13369789307912","0,289330764650479","0,0393995492230019",NA,"0,389049650303567","0,250650246529323","0,56542386266808","0,760553487867893","0,256159119025158","0,607897981321215",FALSE,"Mandera"
"23",8,"Kenya","KEKR42FL2003.DTA",2003,404,"region",8,"0,173414109678344","0,229394072468078","0,421385046333626","0,698068666362679","0,537571793047399","0,13369789307912","0,289330764650479","0,0393995492230019",NA,"0,389049650303567","0,250650246529323","0,56542386266808","0,760553487867893","0,256159119025158","0,607897981321215",FALSE,"Garissa"
"24",5,"Kenya","KEKR42FL2003.DTA",2003,678,"region",5,"0,0876209292304731","0,480339421838389","0,674377846542462","0,631636149948497","0,484172902735425","0,413274485777721","0,0788773043213697","0,0236753071654848",NA,"0,223687400927145","0,172728947831989","0,594173119198799","0,415855020262451","0,375038628159888","0,556125368119241",FALSE,"Migori"
"25",5,"Kenya","KEKR42FL2003.DTA",2003,678,"region",5,"0,0876209292304731","0,480339421838389","0,674377846542462","0,631636149948497","0,484172902735425","0,413274485777721","0,0788773043213697","0,0236753071654848",NA,"0,223687400927145","0,172728947831989","0,594173119198799","0,415855020262451","0,375038628159888","0,556125368119241",FALSE,"Kisii"
"26",5,"Kenya","KEKR42FL2003.DTA",2003,678,"region",5,"0,0876209292304731","0,480339421838389","0,674377846542462","0,631636149948497","0,484172902735425","0,413274485777721","0,0788773043213697","0,0236753071654848",NA,"0,223687400927145","0,172728947831989","0,594173119198799","0,415855020262451","0,375038628159888","0,556125368119241",FALSE,"Kisumu"
"27",5,"Kenya","KEKR42FL2003.DTA",2003,678,"region",5,"0,0876209292304731","0,480339421838389","0,674377846542462","0,631636149948497","0,484172902735425","0,413274485777721","0,0788773043213697","0,0236753071654848",NA,"0,223687400927145","0,172728947831989","0,594173119198799","0,415855020262451","0,375038628159888","0,556125368119241",FALSE,"Homa Bay"
"28",5,"Kenya","KEKR42FL2003.DTA",2003,678,"region",5,"0,0876209292304731","0,480339421838389","0,674377846542462","0,631636149948497","0,484172902735425","0,413274485777721","0,0788773043213697","0,0236753071654848",NA,"0,223687400927145","0,172728947831989","0,594173119198799","0,415855020262451","0,375038628159888","0,556125368119241",FALSE,"Nyamira"
"29",5,"Kenya","KEKR42FL2003.DTA",2003,678,"region",5,"0,0876209292304731","0,480339421838389","0,674377846542462","0,631636149948497","0,484172902735425","0,413274485777721","0,0788773043213697","0,0236753071654848",NA,"0,223687400927145","0,172728947831989","0,594173119198799","0,415855020262451","0,375038628159888","0,556125368119241",FALSE,"Siaya"
"30",6,"Kenya","KEKR42FL2003.DTA",2003,1121,"region",6,"0,169827279210152","0,357761886315198","0,671110196105375","0,713224352417139","0,505775886425403","0,393524272986533","0,0888744582544817","0,0118253823335819",NA,"0,119517747576125","0,121266707926992","0,57031683382439","0,202355212012556","0,376104876170517","0,560421937191762",FALSE,"Nandi"
"31",6,"Kenya","KEKR42FL2003.DTA",2003,1121,"region",6,"0,169827279210152","0,357761886315198","0,671110196105375","0,713224352417139","0,505775886425403","0,393524272986533","0,0888744582544817","0,0118253823335819",NA,"0,119517747576125","0,121266707926992","0,57031683382439","0,202355212012556","0,376104876170517","0,560421937191762",FALSE,"Baringo"
"32",6,"Kenya","KEKR42FL2003.DTA",2003,1121,"region",6,"0,169827279210152","0,357761886315198","0,671110196105375","0,713224352417139","0,505775886425403","0,393524272986533","0,0888744582544817","0,0118253823335819",NA,"0,119517747576125","0,121266707926992","0,57031683382439","0,202355212012556","0,376104876170517","0,560421937191762",FALSE,"Elgeyo-Marakwet"
"33",6,"Kenya","KEKR42FL2003.DTA",2003,1121,"region",6,"0,169827279210152","0,357761886315198","0,671110196105375","0,713224352417139","0,505775886425403","0,393524272986533","0,0888744582544817","0,0118253823335819",NA,"0,119517747576125","0,121266707926992","0,57031683382439","0,202355212012556","0,376104876170517","0,560421937191762",FALSE,"Kericho"
"34",6,"Kenya","KEKR42FL2003.DTA",2003,1121,"region",6,"0,169827279210152","0,357761886315198","0,671110196105375","0,713224352417139","0,505775886425403","0,393524272986533","0,0888744582544817","0,0118253823335819",NA,"0,119517747576125","0,121266707926992","0,57031683382439","0,202355212012556","0,376104876170517","0,560421937191762",FALSE,"Bomet"
"35",6,"Kenya","KEKR42FL2003.DTA",2003,1121,"region",6,"0,169827279210152","0,357761886315198","0,671110196105375","0,713224352417139","0,505775886425403","0,393524272986533","0,0888744582544817","0,0118253823335819",NA,"0,119517747576125","0,121266707926992","0,57031683382439","0,202355212012556","0,376104876170517","0,560421937191762",FALSE,"Narok"
"36",6,"Kenya","KEKR42FL2003.DTA",2003,1121,"region",6,"0,169827279210152","0,357761886315198","0,671110196105375","0,713224352417139","0,505775886425403","0,393524272986533","0,0888744582544817","0,0118253823335819",NA,"0,119517747576125","0,121266707926992","0,57031683382439","0,202355212012556","0,376104876170517","0,560421937191762",FALSE,"Uasin Gishu"
"37",6,"Kenya","KEKR42FL2003.DTA",2003,1121,"region",6,"0,169827279210152","0,357761886315198","0,671110196105375","0,713224352417139","0,505775886425403","0,393524272986533","0,0888744582544817","0,0118253823335819",NA,"0,119517747576125","0,121266707926992","0,57031683382439","0,202355212012556","0,376104876170517","0,560421937191762",FALSE,"Samburu"
"38",6,"Kenya","KEKR42FL2003.DTA",2003,1121,"region",6,"0,169827279210152","0,357761886315198","0,671110196105375","0,713224352417139","0,505775886425403","0,393524272986533","0,0888744582544817","0,0118253823335819",NA,"0,119517747576125","0,121266707926992","0,57031683382439","0,202355212012556","0,376104876170517","0,560421937191762",FALSE,"Nakuru"
"39",6,"Kenya","KEKR42FL2003.DTA",2003,1121,"region",6,"0,169827279210152","0,357761886315198","0,671110196105375","0,713224352417139","0,505775886425403","0,393524272986533","0,0888744582544817","0,0118253823335819",NA,"0,119517747576125","0,121266707926992","0,57031683382439","0,202355212012556","0,376104876170517","0,560421937191762",FALSE,"Turkana"
"40",6,"Kenya","KEKR42FL2003.DTA",2003,1121,"region",6,"0,169827279210152","0,357761886315198","0,671110196105375","0,713224352417139","0,505775886425403","0,393524272986533","0,0888744582544817","0,0118253823335819",NA,"0,119517747576125","0,121266707926992","0,57031683382439","0,202355212012556","0,376104876170517","0,560421937191762",FALSE,"Kajiado"
"41",6,"Kenya","KEKR42FL2003.DTA",2003,1121,"region",6,"0,169827279210152","0,357761886315198","0,671110196105375","0,713224352417139","0,505775886425403","0,393524272986533","0,0888744582544817","0,0118253823335819",NA,"0,119517747576125","0,121266707926992","0,57031683382439","0,202355212012556","0,376104876170517","0,560421937191762",FALSE,"Trans Nzoia"
"42",6,"Kenya","KEKR42FL2003.DTA",2003,1121,"region",6,"0,169827279210152","0,357761886315198","0,671110196105375","0,713224352417139","0,505775886425403","0,393524272986533","0,0888744582544817","0,0118253823335819",NA,"0,119517747576125","0,121266707926992","0,57031683382439","0,202355212012556","0,376104876170517","0,560421937191762",FALSE,"West Pokot"
"43",6,"Kenya","KEKR42FL2003.DTA",2003,1121,"region",6,"0,169827279210152","0,357761886315198","0,671110196105375","0,713224352417139","0,505775886425403","0,393524272986533","0,0888744582544817","0,0118253823335819",NA,"0,119517747576125","0,121266707926992","0,57031683382439","0,202355212012556","0,376104876170517","0,560421937191762",FALSE,"Laikipia"
"44",7,"Kenya","KEKR42FL2003.DTA",2003,738,"region",7,"0,0823586331713923","0,572020498876526","0,652387668128354","0,541018020064994","0,467558059040004","0,357797327322921","0,151263758644739","0,0233808549923369",NA,"0,307192339280089","0,219795532051802","0,658312309298775","0,456802780677301","0,351982322283794","0,539529392536805",FALSE,"Kakamega"
"45",7,"Kenya","KEKR42FL2003.DTA",2003,738,"region",7,"0,0823586331713923","0,572020498876526","0,652387668128354","0,541018020064994","0,467558059040004","0,357797327322921","0,151263758644739","0,0233808549923369",NA,"0,307192339280089","0,219795532051802","0,658312309298775","0,456802780677301","0,351982322283794","0,539529392536805",FALSE,"Busia"
"46",7,"Kenya","KEKR42FL2003.DTA",2003,738,"region",7,"0,0823586331713923","0,572020498876526","0,652387668128354","0,541018020064994","0,467558059040004","0,357797327322921","0,151263758644739","0,0233808549923369",NA,"0,307192339280089","0,219795532051802","0,658312309298775","0,456802780677301","0,351982322283794","0,539529392536805",FALSE,"Vihiga"
"47",7,"Kenya","KEKR42FL2003.DTA",2003,738,"region",7,"0,0823586331713923","0,572020498876526","0,652387668128354","0,541018020064994","0,467558059040004","0,357797327322921","0,151263758644739","0,0233808549923369",NA,"0,307192339280089","0,219795532051802","0,658312309298775","0,456802780677301","0,351982322283794","0,539529392536805",FALSE,"Bungoma"
"48",2,"Kenya","KEKR52FL.DTA",2009,460,"region",2,"0,200571301232563","0,26544874235927","0,513924021900773","0,879193595086179","0,37574782002393","0,317381436391239","0,306870743584831","0",NA,"0,131566345057711","0,0956374424954549","0,593404994385612","0,47472399550849","0,331479489672925","0,644997072615778",TRUE,"Kiambu"
"49",2,"Kenya","KEKR52FL.DTA",2009,460,"region",2,"0,200571301232563","0,26544874235927","0,513924021900773","0,879193595086179","0,37574782002393","0,317381436391239","0,306870743584831","0",NA,"0,131566345057711","0,0956374424954549","0,593404994385612","0,47472399550849","0,331479489672925","0,644997072615778",TRUE,"Muranga"
"50",2,"Kenya","KEKR52FL.DTA",2009,460,"region",2,"0,200571301232563","0,26544874235927","0,513924021900773","0,879193595086179","0,37574782002393","0,317381436391239","0,306870743584831","0",NA,"0,131566345057711","0,0956374424954549","0,593404994385612","0,47472399550849","0,331479489672925","0,644997072615778",TRUE,"Kirinyaga"
"51",2,"Kenya","KEKR52FL.DTA",2009,460,"region",2,"0,200571301232563","0,26544874235927","0,513924021900773","0,879193595086179","0,37574782002393","0,317381436391239","0,306870743584831","0",NA,"0,131566345057711","0,0956374424954549","0,593404994385612","0,47472399550849","0,331479489672925","0,644997072615778",TRUE,"Nyeri"
"52",2,"Kenya","KEKR52FL.DTA",2009,460,"region",2,"0,200571301232563","0,26544874235927","0,513924021900773","0,879193595086179","0,37574782002393","0,317381436391239","0,306870743584831","0",NA,"0,131566345057711","0,0956374424954549","0,593404994385612","0,47472399550849","0,331479489672925","0,644997072615778",TRUE,"Nyandarua"
"53",3,"Kenya","KEKR52FL.DTA",2009,831,"region",3,"0,443879571352711","0,349627718237184","0,725043389061389","0,779921486102966","0,667240549689252","0,135129585384696","0,192229288786434","0,00540057613961791",NA,"0,149877159737757","0,105885927727174","0,591382673166474","0","0,418964801763867","0,577847902738953",FALSE,"Tana River"
"54",3,"Kenya","KEKR52FL.DTA",2009,831,"region",3,"0,443879571352711","0,349627718237184","0,725043389061389","0,779921486102966","0,667240549689252","0,135129585384696","0,192229288786434","0,00540057613961791",NA,"0,149877159737757","0,105885927727174","0,591382673166474","0","0,418964801763867","0,577847902738953",FALSE,"Mombasa"
"55",3,"Kenya","KEKR52FL.DTA",2009,831,"region",3,"0,443879571352711","0,349627718237184","0,725043389061389","0,779921486102966","0,667240549689252","0,135129585384696","0,192229288786434","0,00540057613961791",NA,"0,149877159737757","0,105885927727174","0,591382673166474","0","0,418964801763867","0,577847902738953",FALSE,"Kilifi"
"56",3,"Kenya","KEKR52FL.DTA",2009,831,"region",3,"0,443879571352711","0,349627718237184","0,725043389061389","0,779921486102966","0,667240549689252","0,135129585384696","0,192229288786434","0,00540057613961791",NA,"0,149877159737757","0,105885927727174","0,591382673166474","0","0,418964801763867","0,577847902738953",FALSE,"Kwale"
"57",3,"Kenya","KEKR52FL.DTA",2009,831,"region",3,"0,443879571352711","0,349627718237184","0,725043389061389","0,779921486102966","0,667240549689252","0,135129585384696","0,192229288786434","0,00540057613961791",NA,"0,149877159737757","0,105885927727174","0,591382673166474","0","0,418964801763867","0,577847902738953",FALSE,"Lamu"
"58",3,"Kenya","KEKR52FL.DTA",2009,831,"region",3,"0,443879571352711","0,349627718237184","0,725043389061389","0,779921486102966","0,667240549689252","0,135129585384696","0,192229288786434","0,00540057613961791",NA,"0,149877159737757","0,105885927727174","0,591382673166474","0","0,418964801763867","0,577847902738953",FALSE,"Taita Taveta"
"59",4,"Kenya","KEKR52FL.DTA",2009,717,"region",4,"0,0644043645163579","0,178839784349956","0,658830548611687","0,805996455718695","0,49313404529718","0,172682555130659","0,334183399572161","0",NA,"0,139640532262353","0,176015141903532","0,46024009763476","0,368192078107808","0,386092092214753","0,586026396359946",TRUE,"Kitui"
"60",4,"Kenya","KEKR52FL.DTA",2009,717,"region",4,"0,0644043645163579","0,178839784349956","0,658830548611687","0,805996455718695","0,49313404529718","0,172682555130659","0,334183399572161","0",NA,"0,139640532262353","0,176015141903532","0,46024009763476","0,368192078107808","0,386092092214753","0,586026396359946",TRUE,"Marsabit"
"61",4,"Kenya","KEKR52FL.DTA",2009,717,"region",4,"0,0644043645163579","0,178839784349956","0,658830548611687","0,805996455718695","0,49313404529718","0,172682555130659","0,334183399572161","0",NA,"0,139640532262353","0,176015141903532","0,46024009763476","0,368192078107808","0,386092092214753","0,586026396359946",TRUE,"Makueni"
"62",4,"Kenya","KEKR52FL.DTA",2009,717,"region",4,"0,0644043645163579","0,178839784349956","0,658830548611687","0,805996455718695","0,49313404529718","0,172682555130659","0,334183399572161","0",NA,"0,139640532262353","0,176015141903532","0,46024009763476","0,368192078107808","0,386092092214753","0,586026396359946",TRUE,"Machakos"
"63",4,"Kenya","KEKR52FL.DTA",2009,717,"region",4,"0,0644043645163579","0,178839784349956","0,658830548611687","0,805996455718695","0,49313404529718","0,172682555130659","0,334183399572161","0",NA,"0,139640532262353","0,176015141903532","0,46024009763476","0,368192078107808","0,386092092214753","0,586026396359946",TRUE,"Meru"
"64",4,"Kenya","KEKR52FL.DTA",2009,717,"region",4,"0,0644043645163579","0,178839784349956","0,658830548611687","0,805996455718695","0,49313404529718","0,172682555130659","0,334183399572161","0",NA,"0,139640532262353","0,176015141903532","0,46024009763476","0,368192078107808","0,386092092214753","0,586026396359946",TRUE,"Embu"
"65",4,"Kenya","KEKR52FL.DTA",2009,717,"region",4,"0,0644043645163579","0,178839784349956","0,658830548611687","0,805996455718695","0,49313404529718","0,172682555130659","0,334183399572161","0",NA,"0,139640532262353","0,176015141903532","0,46024009763476","0,368192078107808","0,386092092214753","0,586026396359946",TRUE,"Isiolo"
"66",4,"Kenya","KEKR52FL.DTA",2009,717,"region",4,"0,0644043645163579","0,178839784349956","0,658830548611687","0,805996455718695","0,49313404529718","0,172682555130659","0,334183399572161","0",NA,"0,139640532262353","0,176015141903532","0,46024009763476","0,368192078107808","0,386092092214753","0,586026396359946",TRUE,"Tharaka-Nithi"
"67",1,"Kenya","KEKR52FL.DTA",2009,396,"region",1,"1","0,181826979427686","0,550062197493109","0,908485603168323","0,333822390440898","0,549555114938771","0,116622494620331","0",NA,"0,117048137072761","0,0602887823010195","0,672338264701342","0,537870611761074","0,371456904159851","0,675299822188753",TRUE,"Nairobi"
"68",8,"Kenya","KEKR52FL.DTA",2009,548,"region",8,"0,148402971408946","0,234200571018295","0,538797694471788","0,98541130896739","0,541275117893417","0,026958063186875","0,41569270247383","0,0160741164458782",NA,"0,16790868427977","0,145321853377257","0,555303733860172","0","0,359978846244239","0,668115045661332",FALSE,"Wajir"
"69",8,"Kenya","KEKR52FL.DTA",2009,548,"region",8,"0,148402971408946","0,234200571018295","0,538797694471788","0,98541130896739","0,541275117893417","0,026958063186875","0,41569270247383","0,0160741164458782",NA,"0,16790868427977","0,145321853377257","0,555303733860172","0","0,359978846244239","0,668115045661332",FALSE,"Mandera"
"70",8,"Kenya","KEKR52FL.DTA",2009,548,"region",8,"0,148402971408946","0,234200571018295","0,538797694471788","0,98541130896739","0,541275117893417","0,026958063186875","0,41569270247383","0,0160741164458782",NA,"0,16790868427977","0,145321853377257","0,555303733860172","0","0,359978846244239","0,668115045661332",FALSE,"Garissa"
"71",5,"Kenya","KEKR52FL.DTA",2009,999,"region",5,"0,10799747783649","0,243032163836344","0,786325844559174","0,699722211699738","0,614796656504531","0,15252578540421","0,22492483955113","0,00775271854012964",NA,"0,121321665743905","0,251549099787323","0,366086411978065","0,0653708302861499","0,396449823932642","0,504180075824543",FALSE,"Migori"
"72",5,"Kenya","KEKR52FL.DTA",2009,999,"region",5,"0,10799747783649","0,243032163836344","0,786325844559174","0,699722211699738","0,614796656504531","0,15252578540421","0,22492483955113","0,00775271854012964",NA,"0,121321665743905","0,251549099787323","0,366086411978065","0,0653708302861499","0,396449823932642","0,504180075824543",FALSE,"Kisii"
"73",5,"Kenya","KEKR52FL.DTA",2009,999,"region",5,"0,10799747783649","0,243032163836344","0,786325844559174","0,699722211699738","0,614796656504531","0,15252578540421","0,22492483955113","0,00775271854012964",NA,"0,121321665743905","0,251549099787323","0,366086411978065","0,0653708302861499","0,396449823932642","0,504180075824543",FALSE,"Kisumu"
"74",5,"Kenya","KEKR52FL.DTA",2009,999,"region",5,"0,10799747783649","0,243032163836344","0,786325844559174","0,699722211699738","0,614796656504531","0,15252578540421","0,22492483955113","0,00775271854012964",NA,"0,121321665743905","0,251549099787323","0,366086411978065","0,0653708302861499","0,396449823932642","0,504180075824543",FALSE,"Homa Bay"
"75",5,"Kenya","KEKR52FL.DTA",2009,999,"region",5,"0,10799747783649","0,243032163836344","0,786325844559174","0,699722211699738","0,614796656504531","0,15252578540421","0,22492483955113","0,00775271854012964",NA,"0,121321665743905","0,251549099787323","0,366086411978065","0,0653708302861499","0,396449823932642","0,504180075824543",FALSE,"Nyamira"
"76",5,"Kenya","KEKR52FL.DTA",2009,999,"region",5,"0,10799747783649","0,243032163836344","0,786325844559174","0,699722211699738","0,614796656504531","0,15252578540421","0,22492483955113","0,00775271854012964",NA,"0,121321665743905","0,251549099787323","0,366086411978065","0,0653708302861499","0,396449823932642","0,504180075824543",FALSE,"Siaya"
"77",6,"Kenya","KEKR52FL.DTA",2009,1014,"region",6,"0,0916735441840252","0,20946028936272","0,554527669039742","0,852483644577458","0,566946686428347","0,131328553836611","0,301724759735042","0",NA,"0,110670025211968","0,189899829497074","0,394470767506177","0,242320297867141","0,322038282388095","0,580743397251499",FALSE,"Nandi"
"78",6,"Kenya","KEKR52FL.DTA",2009,1014,"region",6,"0,0916735441840252","0,20946028936272","0,554527669039742","0,852483644577458","0,566946686428347","0,131328553836611","0,301724759735042","0",NA,"0,110670025211968","0,189899829497074","0,394470767506177","0,242320297867141","0,322038282388095","0,580743397251499",FALSE,"Baringo"
"79",6,"Kenya","KEKR52FL.DTA",2009,1014,"region",6,"0,0916735441840252","0,20946028936272","0,554527669039742","0,852483644577458","0,566946686428347","0,131328553836611","0,301724759735042","0",NA,"0,110670025211968","0,189899829497074","0,394470767506177","0,242320297867141","0,322038282388095","0,580743397251499",FALSE,"Elgeyo-Marakwet"
"80",6,"Kenya","KEKR52FL.DTA",2009,1014,"region",6,"0,0916735441840252","0,20946028936272","0,554527669039742","0,852483644577458","0,566946686428347","0,131328553836611","0,301724759735042","0",NA,"0,110670025211968","0,189899829497074","0,394470767506177","0,242320297867141","0,322038282388095","0,580743397251499",FALSE,"Kericho"
"81",6,"Kenya","KEKR52FL.DTA",2009,1014,"region",6,"0,0916735441840252","0,20946028936272","0,554527669039742","0,852483644577458","0,566946686428347","0,131328553836611","0,301724759735042","0",NA,"0,110670025211968","0,189899829497074","0,394470767506177","0,242320297867141","0,322038282388095","0,580743397251499",FALSE,"Bomet"
"82",6,"Kenya","KEKR52FL.DTA",2009,1014,"region",6,"0,0916735441840252","0,20946028936272","0,554527669039742","0,852483644577458","0,566946686428347","0,131328553836611","0,301724759735042","0",NA,"0,110670025211968","0,189899829497074","0,394470767506177","0,242320297867141","0,322038282388095","0,580743397251499",FALSE,"Narok"
"83",6,"Kenya","KEKR52FL.DTA",2009,1014,"region",6,"0,0916735441840252","0,20946028936272","0,554527669039742","0,852483644577458","0,566946686428347","0,131328553836611","0,301724759735042","0",NA,"0,110670025211968","0,189899829497074","0,394470767506177","0,242320297867141","0,322038282388095","0,580743397251499",FALSE,"Uasin Gishu"
"84",6,"Kenya","KEKR52FL.DTA",2009,1014,"region",6,"0,0916735441840252","0,20946028936272","0,554527669039742","0,852483644577458","0,566946686428347","0,131328553836611","0,301724759735042","0",NA,"0,110670025211968","0,189899829497074","0,394470767506177","0,242320297867141","0,322038282388095","0,580743397251499",FALSE,"Samburu"
"85",6,"Kenya","KEKR52FL.DTA",2009,1014,"region",6,"0,0916735441840252","0,20946028936272","0,554527669039742","0,852483644577458","0,566946686428347","0,131328553836611","0,301724759735042","0",NA,"0,110670025211968","0,189899829497074","0,394470767506177","0,242320297867141","0,322038282388095","0,580743397251499",FALSE,"Nakuru"
"86",6,"Kenya","KEKR52FL.DTA",2009,1014,"region",6,"0,0916735441840252","0,20946028936272","0,554527669039742","0,852483644577458","0,566946686428347","0,131328553836611","0,301724759735042","0",NA,"0,110670025211968","0,189899829497074","0,394470767506177","0,242320297867141","0,322038282388095","0,580743397251499",FALSE,"Turkana"
"87",6,"Kenya","KEKR52FL.DTA",2009,1014,"region",6,"0,0916735441840252","0,20946028936272","0,554527669039742","0,852483644577458","0,566946686428347","0,131328553836611","0,301724759735042","0",NA,"0,110670025211968","0,189899829497074","0,394470767506177","0,242320297867141","0,322038282388095","0,580743397251499",FALSE,"Kajiado"
"88",6,"Kenya","KEKR52FL.DTA",2009,1014,"region",6,"0,0916735441840252","0,20946028936272","0,554527669039742","0,852483644577458","0,566946686428347","0,131328553836611","0,301724759735042","0",NA,"0,110670025211968","0,189899829497074","0,394470767506177","0,242320297867141","0,322038282388095","0,580743397251499",FALSE,"Trans Nzoia"
"89",6,"Kenya","KEKR52FL.DTA",2009,1014,"region",6,"0,0916735441840252","0,20946028936272","0,554527669039742","0,852483644577458","0,566946686428347","0,131328553836611","0,301724759735042","0",NA,"0,110670025211968","0,189899829497074","0,394470767506177","0,242320297867141","0,322038282388095","0,580743397251499",FALSE,"West Pokot"
"90",6,"Kenya","KEKR52FL.DTA",2009,1014,"region",6,"0,0916735441840252","0,20946028936272","0,554527669039742","0,852483644577458","0,566946686428347","0,131328553836611","0,301724759735042","0",NA,"0,110670025211968","0,189899829497074","0,394470767506177","0,242320297867141","0,322038282388095","0,580743397251499",FALSE,"Laikipia"
"91",7,"Kenya","KEKR52FL.DTA",2009,741,"region",7,"0,106241345455675","0,300966692555433","0,490680767400534","0,679029992152056","0,5543542327094","0,333380334474343","0,112265432816257","0",NA,"0,0632949820179405","0,342079845241858","0,162883650655637","0,120315344432371","0,228405840977816","0,465487657459727",FALSE,"Kakamega"
"92",7,"Kenya","KEKR52FL.DTA",2009,741,"region",7,"0,106241345455675","0,300966692555433","0,490680767400534","0,679029992152056","0,5543542327094","0,333380334474343","0,112265432816257","0",NA,"0,0632949820179405","0,342079845241858","0,162883650655637","0,120315344432371","0,228405840977816","0,465487657459727",FALSE,"Busia"
"93",7,"Kenya","KEKR52FL.DTA",2009,741,"region",7,"0,106241345455675","0,300966692555433","0,490680767400534","0,679029992152056","0,5543542327094","0,333380334474343","0,112265432816257","0",NA,"0,0632949820179405","0,342079845241858","0,162883650655637","0,120315344432371","0,228405840977816","0,465487657459727",FALSE,"Vihiga"
"94",7,"Kenya","KEKR52FL.DTA",2009,741,"region",7,"0,106241345455675","0,300966692555433","0,490680767400534","0,679029992152056","0,5543542327094","0,333380334474343","0,112265432816257","0",NA,"0,0632949820179405","0,342079845241858","0,162883650655637","0,120315344432371","0,228405840977816","0,465487657459727",FALSE,"Bungoma"
"95",4,"Kenya","KEKR72FL2014.DTA",2014,1356,"region",4,"0,450765227271135","0,178633234171411","0,715486799764821","0,952831862920171","0,372506801020574","0,299146370357839","0,328346828621587","0","0,305154004249985","0,0564961479832177","0,0180798805656112","0,696881919607513","1","0,549163442385516","0,767538188777241",FALSE,"Kiambu"
"96",4,"Kenya","KEKR72FL2014.DTA",2014,1356,"region",4,"0,450765227271135","0,178633234171411","0,715486799764821","0,952831862920171","0,372506801020574","0,299146370357839","0,328346828621587","0","0,305154004249985","0,0564961479832177","0,0180798805656112","0,696881919607513","1","0,549163442385516","0,767538188777241",FALSE,"Muranga"
"97",4,"Kenya","KEKR72FL2014.DTA",2014,1356,"region",4,"0,450765227271135","0,178633234171411","0,715486799764821","0,952831862920171","0,372506801020574","0,299146370357839","0,328346828621587","0","0,305154004249985","0,0564961479832177","0,0180798805656112","0,696881919607513","1","0,549163442385516","0,767538188777241",FALSE,"Kirinyaga"
"98",4,"Kenya","KEKR72FL2014.DTA",2014,1356,"region",4,"0,450765227271135","0,178633234171411","0,715486799764821","0,952831862920171","0,372506801020574","0,299146370357839","0,328346828621587","0","0,305154004249985","0,0564961479832177","0,0180798805656112","0,696881919607513","1","0,549163442385516","0,767538188777241",FALSE,"Nyandarua"
"99",4,"Kenya","KEKR72FL2014.DTA",2014,1356,"region",4,"0,450765227271135","0,178633234171411","0,715486799764821","0,952831862920171","0,372506801020574","0,299146370357839","0,328346828621587","0","0,305154004249985","0,0564961479832177","0,0180798805656112","0,696881919607513","1","0,549163442385516","0,767538188777241",FALSE,"Nyeri"
"100",1,"Kenya","KEKR72FL2014.DTA",2014,2531,"region",1,"0,405624544513219","0,272384628336648","0,783170117713662","0,868486460333472","0,573140530899014","0,2338909535405","0,188181639074971","0,00478687648551481","0,431653400719199","0,144368369711928","0,0197226024825976","0,879055154925549","1","0,635849338169715","0,81189172542228",FALSE,"Mombasa"
"101",1,"Kenya","KEKR72FL2014.DTA",2014,2531,"region",1,"0,405624544513219","0,272384628336648","0,783170117713662","0,868486460333472","0,573140530899014","0,2338909535405","0,188181639074971","0,00478687648551481","0,431653400719199","0,144368369711928","0,0197226024825976","0,879055154925549","1","0,635849338169715","0,81189172542228",FALSE,"Tana River"
"102",1,"Kenya","KEKR72FL2014.DTA",2014,2531,"region",1,"0,405624544513219","0,272384628336648","0,783170117713662","0,868486460333472","0,573140530899014","0,2338909535405","0,188181639074971","0,00478687648551481","0,431653400719199","0,144368369711928","0,0197226024825976","0,879055154925549","1","0,635849338169715","0,81189172542228",FALSE,"Kilifi"
"103",1,"Kenya","KEKR72FL2014.DTA",2014,2531,"region",1,"0,405624544513219","0,272384628336648","0,783170117713662","0,868486460333472","0,573140530899014","0,2338909535405","0,188181639074971","0,00478687648551481","0,431653400719199","0,144368369711928","0,0197226024825976","0,879055154925549","1","0,635849338169715","0,81189172542228",FALSE,"Taita Taveta"
"104",1,"Kenya","KEKR72FL2014.DTA",2014,2531,"region",1,"0,405624544513219","0,272384628336648","0,783170117713662","0,868486460333472","0,573140530899014","0,2338909535405","0,188181639074971","0,00478687648551481","0,431653400719199","0,144368369711928","0,0197226024825976","0,879055154925549","1","0,635849338169715","0,81189172542228",FALSE,"Kwale"
"105",1,"Kenya","KEKR72FL2014.DTA",2014,2531,"region",1,"0,405624544513219","0,272384628336648","0,783170117713662","0,868486460333472","0,573140530899014","0,2338909535405","0,188181639074971","0,00478687648551481","0,431653400719199","0,144368369711928","0,0197226024825976","0,879055154925549","1","0,635849338169715","0,81189172542228",FALSE,"Lamu"
"106",3,"Kenya","KEKR72FL2014.DTA",2014,2906,"region",3,"0,253211126389336","0,181720137261808","0,765771694779514","0,897128202513383","0,589733590710011","0,251606144382415","0,158660264907574","0","0,365744876033204","0,174750487463134","0,0873677950589205","0,70298567894174","0,271798786482945","0,558229210179256","0,728976030303633",FALSE,"Kitui"
"107",3,"Kenya","KEKR72FL2014.DTA",2014,2906,"region",3,"0,253211126389336","0,181720137261808","0,765771694779514","0,897128202513383","0,589733590710011","0,251606144382415","0,158660264907574","0","0,365744876033204","0,174750487463134","0,0873677950589205","0,70298567894174","0,271798786482945","0,558229210179256","0,728976030303633",FALSE,"Machakos"
"108",3,"Kenya","KEKR72FL2014.DTA",2014,2906,"region",3,"0,253211126389336","0,181720137261808","0,765771694779514","0,897128202513383","0,589733590710011","0,251606144382415","0,158660264907574","0","0,365744876033204","0,174750487463134","0,0873677950589205","0,70298567894174","0,271798786482945","0,558229210179256","0,728976030303633",FALSE,"Makueni"
"109",3,"Kenya","KEKR72FL2014.DTA",2014,2906,"region",3,"0,253211126389336","0,181720137261808","0,765771694779514","0,897128202513383","0,589733590710011","0,251606144382415","0,158660264907574","0","0,365744876033204","0,174750487463134","0,0873677950589205","0,70298567894174","0,271798786482945","0,558229210179256","0,728976030303633",FALSE,"Isiolo"
"110",3,"Kenya","KEKR72FL2014.DTA",2014,2906,"region",3,"0,253211126389336","0,181720137261808","0,765771694779514","0,897128202513383","0,589733590710011","0,251606144382415","0,158660264907574","0","0,365744876033204","0,174750487463134","0,0873677950589205","0,70298567894174","0,271798786482945","0,558229210179256","0,728976030303633",FALSE,"Meru"
"111",3,"Kenya","KEKR72FL2014.DTA",2014,2906,"region",3,"0,253211126389336","0,181720137261808","0,765771694779514","0,897128202513383","0,589733590710011","0,251606144382415","0,158660264907574","0","0,365744876033204","0,174750487463134","0,0873677950589205","0,70298567894174","0,271798786482945","0,558229210179256","0,728976030303633",FALSE,"Marsabit"
"112",3,"Kenya","KEKR72FL2014.DTA",2014,2906,"region",3,"0,253211126389336","0,181720137261808","0,765771694779514","0,897128202513383","0,589733590710011","0,251606144382415","0,158660264907574","0","0,365744876033204","0,174750487463134","0,0873677950589205","0,70298567894174","0,271798786482945","0,558229210179256","0,728976030303633",FALSE,"Tharaka-Nithi"
"113",3,"Kenya","KEKR72FL2014.DTA",2014,2906,"region",3,"0,253211126389336","0,181720137261808","0,765771694779514","0,897128202513383","0,589733590710011","0,251606144382415","0,158660264907574","0","0,365744876033204","0,174750487463134","0,0873677950589205","0,70298567894174","0,271798786482945","0,558229210179256","0,728976030303633",FALSE,"Embu"
"114",8,"Kenya","KEKR72FL2014.DTA",2014,498,"region",9,"1","0,187671064986184","0,674316456136592","0,95292987284004","0,280872986674582","0,476031216339964","0,227730196604616","0,0153656003808375","0,513225170787588","0,0947850448919832","0,0656296235992087","0,596490549552068","0,477192439641654","0,487654274268829","0,723183113552916",TRUE,"Nairobi"
"115",2,"Kenya","KEKR72FL2014.DTA",2014,1538,"region",2,"0,276719654310041","0,0872351060231718","0,593300379035189","0,842902545538709","0,579899345813693","0,187672492795438","0,232428161390869","0","0,388706564407132","0,0485369636114589","0,0390281764538356","0,645960795985627","0","0,396645875446539","0,668541415887101",FALSE,"Garissa"
"116",2,"Kenya","KEKR72FL2014.DTA",2014,1538,"region",2,"0,276719654310041","0,0872351060231718","0,593300379035189","0,842902545538709","0,579899345813693","0,187672492795438","0,232428161390869","0","0,388706564407132","0,0485369636114589","0,0390281764538356","0,645960795985627","0","0,396645875446539","0,668541415887101",FALSE,"Wajir"
"117",2,"Kenya","KEKR72FL2014.DTA",2014,1538,"region",2,"0,276719654310041","0,0872351060231718","0,593300379035189","0,842902545538709","0,579899345813693","0,187672492795438","0,232428161390869","0","0,388706564407132","0,0485369636114589","0,0390281764538356","0,645960795985627","0","0,396645875446539","0,668541415887101",FALSE,"Mandera"
"118",7,"Kenya","KEKR72FL2014.DTA",2014,2757,"region",8,"0,270831688746813","0,375154586254619","0,756449195964815","0,877103700239722","0,796368754805807","0,084285481436786","0,111248519468389","0,00809724428901784","0,580871120246713","0,514344616926141","0,0909602518253722","0,850962129458173","0,833482347871903","0,602032679461053","0,795866639389033",FALSE,"Migori"
"119",7,"Kenya","KEKR72FL2014.DTA",2014,2757,"region",8,"0,270831688746813","0,375154586254619","0,756449195964815","0,877103700239722","0,796368754805807","0,084285481436786","0,111248519468389","0,00809724428901784","0,580871120246713","0,514344616926141","0,0909602518253722","0,850962129458173","0,833482347871903","0,602032679461053","0,795866639389033",FALSE,"Homa Bay"
"120",7,"Kenya","KEKR72FL2014.DTA",2014,2757,"region",8,"0,270831688746813","0,375154586254619","0,756449195964815","0,877103700239722","0,796368754805807","0,084285481436786","0,111248519468389","0,00809724428901784","0,580871120246713","0,514344616926141","0,0909602518253722","0,850962129458173","0,833482347871903","0,602032679461053","0,795866639389033",FALSE,"Kisii"
"121",7,"Kenya","KEKR72FL2014.DTA",2014,2757,"region",8,"0,270831688746813","0,375154586254619","0,756449195964815","0,877103700239722","0,796368754805807","0,084285481436786","0,111248519468389","0,00809724428901784","0,580871120246713","0,514344616926141","0,0909602518253722","0,850962129458173","0,833482347871903","0,602032679461053","0,795866639389033",FALSE,"Nyamira"
"122",7,"Kenya","KEKR72FL2014.DTA",2014,2757,"region",8,"0,270831688746813","0,375154586254619","0,756449195964815","0,877103700239722","0,796368754805807","0,084285481436786","0,111248519468389","0,00809724428901784","0,580871120246713","0,514344616926141","0,0909602518253722","0,850962129458173","0,833482347871903","0,602032679461053","0,795866639389033",FALSE,"Kisumu"
"123",7,"Kenya","KEKR72FL2014.DTA",2014,2757,"region",8,"0,270831688746813","0,375154586254619","0,756449195964815","0,877103700239722","0,796368754805807","0,084285481436786","0,111248519468389","0,00809724428901784","0,580871120246713","0,514344616926141","0,0909602518253722","0,850962129458173","0,833482347871903","0,602032679461053","0,795866639389033",FALSE,"Siaya"
"124",5,"Kenya","KEKR72FL2014.DTA",2014,6618,"region",5,"0,261404018126773","0,209156783143616","0,692160393597422","0,891466545379302","0,535649137434173","0,22680586356627","0,237188175989578","0,000356823009979068","0,332814028499958","0,142735134725525","0,0551602884141533","0,750205484302853","0,234522910436271","0,511729947003802","0,739322780871853",FALSE,"Kericho"
"125",5,"Kenya","KEKR72FL2014.DTA",2014,6618,"region",5,"0,261404018126773","0,209156783143616","0,692160393597422","0,891466545379302","0,535649137434173","0,22680586356627","0,237188175989578","0,000356823009979068","0,332814028499958","0,142735134725525","0,0551602884141533","0,750205484302853","0,234522910436271","0,511729947003802","0,739322780871853",FALSE,"Samburu"
"126",5,"Kenya","KEKR72FL2014.DTA",2014,6618,"region",5,"0,261404018126773","0,209156783143616","0,692160393597422","0,891466545379302","0,535649137434173","0,22680586356627","0,237188175989578","0,000356823009979068","0,332814028499958","0,142735134725525","0,0551602884141533","0,750205484302853","0,234522910436271","0,511729947003802","0,739322780871853",FALSE,"Nandi"
"127",5,"Kenya","KEKR72FL2014.DTA",2014,6618,"region",5,"0,261404018126773","0,209156783143616","0,692160393597422","0,891466545379302","0,535649137434173","0,22680586356627","0,237188175989578","0,000356823009979068","0,332814028499958","0,142735134725525","0,0551602884141533","0,750205484302853","0,234522910436271","0,511729947003802","0,739322780871853",FALSE,"Uasin Gishu"
"128",5,"Kenya","KEKR72FL2014.DTA",2014,6618,"region",5,"0,261404018126773","0,209156783143616","0,692160393597422","0,891466545379302","0,535649137434173","0,22680586356627","0,237188175989578","0,000356823009979068","0,332814028499958","0,142735134725525","0,0551602884141533","0,750205484302853","0,234522910436271","0,511729947003802","0,739322780871853",FALSE,"Baringo"
"129",5,"Kenya","KEKR72FL2014.DTA",2014,6618,"region",5,"0,261404018126773","0,209156783143616","0,692160393597422","0,891466545379302","0,535649137434173","0,22680586356627","0,237188175989578","0,000356823009979068","0,332814028499958","0,142735134725525","0,0551602884141533","0,750205484302853","0,234522910436271","0,511729947003802","0,739322780871853",FALSE,"Elgeyo-Marakwet"
"130",5,"Kenya","KEKR72FL2014.DTA",2014,6618,"region",5,"0,261404018126773","0,209156783143616","0,692160393597422","0,891466545379302","0,535649137434173","0,22680586356627","0,237188175989578","0,000356823009979068","0,332814028499958","0,142735134725525","0,0551602884141533","0,750205484302853","0,234522910436271","0,511729947003802","0,739322780871853",FALSE,"West Pokot"
"131",5,"Kenya","KEKR72FL2014.DTA",2014,6618,"region",5,"0,261404018126773","0,209156783143616","0,692160393597422","0,891466545379302","0,535649137434173","0,22680586356627","0,237188175989578","0,000356823009979068","0,332814028499958","0,142735134725525","0,0551602884141533","0,750205484302853","0,234522910436271","0,511729947003802","0,739322780871853",FALSE,"Trans Nzoia"
"132",5,"Kenya","KEKR72FL2014.DTA",2014,6618,"region",5,"0,261404018126773","0,209156783143616","0,692160393597422","0,891466545379302","0,535649137434173","0,22680586356627","0,237188175989578","0,000356823009979068","0,332814028499958","0,142735134725525","0,0551602884141533","0,750205484302853","0,234522910436271","0,511729947003802","0,739322780871853",FALSE,"Bomet"
"133",5,"Kenya","KEKR72FL2014.DTA",2014,6618,"region",5,"0,261404018126773","0,209156783143616","0,692160393597422","0,891466545379302","0,535649137434173","0,22680586356627","0,237188175989578","0,000356823009979068","0,332814028499958","0,142735134725525","0,0551602884141533","0,750205484302853","0,234522910436271","0,511729947003802","0,739322780871853",FALSE,"Narok"
"134",5,"Kenya","KEKR72FL2014.DTA",2014,6618,"region",5,"0,261404018126773","0,209156783143616","0,692160393597422","0,891466545379302","0,535649137434173","0,22680586356627","0,237188175989578","0,000356823009979068","0,332814028499958","0,142735134725525","0,0551602884141533","0,750205484302853","0,234522910436271","0,511729947003802","0,739322780871853",FALSE,"Turkana"
"135",5,"Kenya","KEKR72FL2014.DTA",2014,6618,"region",5,"0,261404018126773","0,209156783143616","0,692160393597422","0,891466545379302","0,535649137434173","0,22680586356627","0,237188175989578","0,000356823009979068","0,332814028499958","0,142735134725525","0,0551602884141533","0,750205484302853","0,234522910436271","0,511729947003802","0,739322780871853",FALSE,"Kajiado"
"136",5,"Kenya","KEKR72FL2014.DTA",2014,6618,"region",5,"0,261404018126773","0,209156783143616","0,692160393597422","0,891466545379302","0,535649137434173","0,22680586356627","0,237188175989578","0,000356823009979068","0,332814028499958","0,142735134725525","0,0551602884141533","0,750205484302853","0,234522910436271","0,511729947003802","0,739322780871853",FALSE,"Nakuru"
"137",5,"Kenya","KEKR72FL2014.DTA",2014,6618,"region",5,"0,261404018126773","0,209156783143616","0,692160393597422","0,891466545379302","0,535649137434173","0,22680586356627","0,237188175989578","0,000356823009979068","0,332814028499958","0,142735134725525","0,0551602884141533","0,750205484302853","0,234522910436271","0,511729947003802","0,739322780871853",FALSE,"Laikipia"
"138",6,"Kenya","KEKR72FL2014.DTA",2014,1889,"region",7,"0,145436181038727","0,361252303198202","0,675743883553502","0,767094025445293","0,742081047327123","0,0957477810973723","0,15814602991346","0,00402514166204512","0,525275069177869","0,625649341014956","0,0317948397257449","0,943018621443978","0,986173625117876","0,545985055395848","0,807976318667809",FALSE,"Kakamega"
"139",6,"Kenya","KEKR72FL2014.DTA",2014,1889,"region",7,"0,145436181038727","0,361252303198202","0,675743883553502","0,767094025445293","0,742081047327123","0,0957477810973723","0,15814602991346","0,00402514166204512","0,525275069177869","0,625649341014956","0,0317948397257449","0,943018621443978","0,986173625117876","0,545985055395848","0,807976318667809",FALSE,"Vihiga"
"140",6,"Kenya","KEKR72FL2014.DTA",2014,1889,"region",7,"0,145436181038727","0,361252303198202","0,675743883553502","0,767094025445293","0,742081047327123","0,0957477810973723","0,15814602991346","0,00402514166204512","0,525275069177869","0,625649341014956","0,0317948397257449","0,943018621443978","0,986173625117876","0,545985055395848","0,807976318667809",FALSE,"Bungoma"
"141",6,"Kenya","KEKR72FL2014.DTA",2014,1889,"region",7,"0,145436181038727","0,361252303198202","0,675743883553502","0,767094025445293","0,742081047327123","0,0957477810973723","0,15814602991346","0,00402514166204512","0,525275069177869","0,625649341014956","0,0317948397257449","0,943018621443978","0,986173625117876","0,545985055395848","0,807976318667809",FALSE,"Busia"
"142",4,"Kenya","KEKR7AFL2015.DTA",2015,258,"region",4,"0,493643323255241","0,292433857410704","0,604637441317239","0,758205186150436","0,393958633129177","0,341782500351077","0,264258866519746","0","0,225619539334642","0,173652618029717","0,0426604182311555","0,575706622276743","1","0,429355765252208","0,710104495541709",FALSE,"Kiambu"
"143",4,"Kenya","KEKR7AFL2015.DTA",2015,258,"region",4,"0,493643323255241","0,292433857410704","0,604637441317239","0,758205186150436","0,393958633129177","0,341782500351077","0,264258866519746","0","0,225619539334642","0,173652618029717","0,0426604182311555","0,575706622276743","1","0,429355765252208","0,710104495541709",FALSE,"Muranga"
"144",4,"Kenya","KEKR7AFL2015.DTA",2015,258,"region",4,"0,493643323255241","0,292433857410704","0,604637441317239","0,758205186150436","0,393958633129177","0,341782500351077","0,264258866519746","0","0,225619539334642","0,173652618029717","0,0426604182311555","0,575706622276743","1","0,429355765252208","0,710104495541709",FALSE,"Kirinyaga"
"145",4,"Kenya","KEKR7AFL2015.DTA",2015,258,"region",4,"0,493643323255241","0,292433857410704","0,604637441317239","0,758205186150436","0,393958633129177","0,341782500351077","0,264258866519746","0","0,225619539334642","0,173652618029717","0,0426604182311555","0,575706622276743","1","0,429355765252208","0,710104495541709",FALSE,"Nyandarua"
"146",4,"Kenya","KEKR7AFL2015.DTA",2015,258,"region",4,"0,493643323255241","0,292433857410704","0,604637441317239","0,758205186150436","0,393958633129177","0,341782500351077","0,264258866519746","0","0,225619539334642","0,173652618029717","0,0426604182311555","0,575706622276743","1","0,429355765252208","0,710104495541709",FALSE,"Nyeri"
"147",1,"Kenya","KEKR7AFL2015.DTA",2015,569,"region",1,"0,356440967896049","0,396564889544436","0,729715238538919","0,819929628340081","0,647203877495583","0,192912768626728","0,159883353877689","0","0,563577737360061","0,23961796176639","0,0111989086394041","0,950698966812688","1","0,600573615890577","0,823024632311478",FALSE,"Mombasa"
"148",1,"Kenya","KEKR7AFL2015.DTA",2015,569,"region",1,"0,356440967896049","0,396564889544436","0,729715238538919","0,819929628340081","0,647203877495583","0,192912768626728","0,159883353877689","0","0,563577737360061","0,23961796176639","0,0111989086394041","0,950698966812688","1","0,600573615890577","0,823024632311478",FALSE,"Tana River"
"149",1,"Kenya","KEKR7AFL2015.DTA",2015,569,"region",1,"0,356440967896049","0,396564889544436","0,729715238538919","0,819929628340081","0,647203877495583","0,192912768626728","0,159883353877689","0","0,563577737360061","0,23961796176639","0,0111989086394041","0,950698966812688","1","0,600573615890577","0,823024632311478",FALSE,"Kilifi"
"150",1,"Kenya","KEKR7AFL2015.DTA",2015,569,"region",1,"0,356440967896049","0,396564889544436","0,729715238538919","0,819929628340081","0,647203877495583","0,192912768626728","0,159883353877689","0","0,563577737360061","0,23961796176639","0,0111989086394041","0,950698966812688","1","0,600573615890577","0,823024632311478",FALSE,"Taita Taveta"
"151",1,"Kenya","KEKR7AFL2015.DTA",2015,569,"region",1,"0,356440967896049","0,396564889544436","0,729715238538919","0,819929628340081","0,647203877495583","0,192912768626728","0,159883353877689","0","0,563577737360061","0,23961796176639","0,0111989086394041","0,950698966812688","1","0,600573615890577","0,823024632311478",FALSE,"Kwale"
"152",1,"Kenya","KEKR7AFL2015.DTA",2015,569,"region",1,"0,356440967896049","0,396564889544436","0,729715238538919","0,819929628340081","0,647203877495583","0,192912768626728","0,159883353877689","0","0,563577737360061","0,23961796176639","0,0111989086394041","0,950698966812688","1","0,600573615890577","0,823024632311478",FALSE,"Lamu"
"153",3,"Kenya","KEKR7AFL2015.DTA",2015,449,"region",3,"0,285216624880682","0,33085207002075","0,710661810855448","0,990661443049706","0,393033584427038","0,211982425242543","0,384352176359496","0,0106318139709226","0,232788595869074","0,0656096732439221","0,0165711198266444","0,799851644398066","0,639881315518453","0,573243700479244","0,806633607888977",TRUE,"Kitui"
"154",3,"Kenya","KEKR7AFL2015.DTA",2015,449,"region",3,"0,285216624880682","0,33085207002075","0,710661810855448","0,990661443049706","0,393033584427038","0,211982425242543","0,384352176359496","0,0106318139709226","0,232788595869074","0,0656096732439221","0,0165711198266444","0,799851644398066","0,639881315518453","0,573243700479244","0,806633607888977",TRUE,"Machakos"
"155",3,"Kenya","KEKR7AFL2015.DTA",2015,449,"region",3,"0,285216624880682","0,33085207002075","0,710661810855448","0,990661443049706","0,393033584427038","0,211982425242543","0,384352176359496","0,0106318139709226","0,232788595869074","0,0656096732439221","0,0165711198266444","0,799851644398066","0,639881315518453","0,573243700479244","0,806633607888977",TRUE,"Makueni"
"156",3,"Kenya","KEKR7AFL2015.DTA",2015,449,"region",3,"0,285216624880682","0,33085207002075","0,710661810855448","0,990661443049706","0,393033584427038","0,211982425242543","0,384352176359496","0,0106318139709226","0,232788595869074","0,0656096732439221","0,0165711198266444","0,799851644398066","0,639881315518453","0,573243700479244","0,806633607888977",TRUE,"Isiolo"
"157",3,"Kenya","KEKR7AFL2015.DTA",2015,449,"region",3,"0,285216624880682","0,33085207002075","0,710661810855448","0,990661443049706","0,393033584427038","0,211982425242543","0,384352176359496","0,0106318139709226","0,232788595869074","0,0656096732439221","0,0165711198266444","0,799851644398066","0,639881315518453","0,573243700479244","0,806633607888977",TRUE,"Meru"
"158",3,"Kenya","KEKR7AFL2015.DTA",2015,449,"region",3,"0,285216624880682","0,33085207002075","0,710661810855448","0,990661443049706","0,393033584427038","0,211982425242543","0,384352176359496","0,0106318139709226","0,232788595869074","0,0656096732439221","0,0165711198266444","0,799851644398066","0,639881315518453","0,573243700479244","0,806633607888977",TRUE,"Marsabit"
"159",3,"Kenya","KEKR7AFL2015.DTA",2015,449,"region",3,"0,285216624880682","0,33085207002075","0,710661810855448","0,990661443049706","0,393033584427038","0,211982425242543","0,384352176359496","0,0106318139709226","0,232788595869074","0,0656096732439221","0,0165711198266444","0,799851644398066","0,639881315518453","0,573243700479244","0,806633607888977",TRUE,"Tharaka-Nithi"
"160",3,"Kenya","KEKR7AFL2015.DTA",2015,449,"region",3,"0,285216624880682","0,33085207002075","0,710661810855448","0,990661443049706","0,393033584427038","0,211982425242543","0,384352176359496","0,0106318139709226","0,232788595869074","0,0656096732439221","0,0165711198266444","0,799851644398066","0,639881315518453","0,573243700479244","0,806633607888977",TRUE,"Embu"
"161",8,"Kenya","KEKR7AFL2015.DTA",2015,51,"region",9,"1","0,288160801892105","0,832044265185919","1","0,315736511753217","0,48121613611197","0,203047352134813","0","0,554396794395694","0,279246010734311","0,0237439264384834","0,921634603907844","0,737307683126275","0,709117010053478","0,852258755602417",TRUE,"Nairobi"
"162",2,"Kenya","KEKR7AFL2015.DTA",2015,281,"region",2,"0,410666340354601","0,2707164716738","0,431819080839668","0,951036261351087","0,440384113257847","0,223802484803565","0,335813401938588","0","0,480787175151167","0,0432745824585955","0,0317857223777537","0,582232520986686","0,465786016789349","0,309862587210528","0,717575023799326",TRUE,"Garissa"
"163",2,"Kenya","KEKR7AFL2015.DTA",2015,281,"region",2,"0,410666340354601","0,2707164716738","0,431819080839668","0,951036261351087","0,440384113257847","0,223802484803565","0,335813401938588","0","0,480787175151167","0,0432745824585955","0,0317857223777537","0,582232520986686","0,465786016789349","0,309862587210528","0,717575023799326",TRUE,"Wajir"
"164",2,"Kenya","KEKR7AFL2015.DTA",2015,281,"region",2,"0,410666340354601","0,2707164716738","0,431819080839668","0,951036261351087","0,440384113257847","0,223802484803565","0,335813401938588","0","0,480787175151167","0,0432745824585955","0,0317857223777537","0,582232520986686","0,465786016789349","0,309862587210528","0,717575023799326",TRUE,"Mandera"
"165",7,"Kenya","KEKR7AFL2015.DTA",2015,421,"region",8,"0,205871664178758","0,519852710110004","0,611459097995713","0,89126039817217","0,567240632940549","0,144297758459468","0,222644505536589","0,0658171030633948","0,689928470622336","0,427487418765839","0,0168517153650649","0,95946057417877","1","0,514457969087439","0,841361214141335",FALSE,"Migori"
"166",7,"Kenya","KEKR7AFL2015.DTA",2015,421,"region",8,"0,205871664178758","0,519852710110004","0,611459097995713","0,89126039817217","0,567240632940549","0,144297758459468","0,222644505536589","0,0658171030633948","0,689928470622336","0,427487418765839","0,0168517153650649","0,95946057417877","1","0,514457969087439","0,841361214141335",FALSE,"Homa Bay"
"167",7,"Kenya","KEKR7AFL2015.DTA",2015,421,"region",8,"0,205871664178758","0,519852710110004","0,611459097995713","0,89126039817217","0,567240632940549","0,144297758459468","0,222644505536589","0,0658171030633948","0,689928470622336","0,427487418765839","0,0168517153650649","0,95946057417877","1","0,514457969087439","0,841361214141335",FALSE,"Kisii"
"168",7,"Kenya","KEKR7AFL2015.DTA",2015,421,"region",8,"0,205871664178758","0,519852710110004","0,611459097995713","0,89126039817217","0,567240632940549","0,144297758459468","0,222644505536589","0,0658171030633948","0,689928470622336","0,427487418765839","0,0168517153650649","0,95946057417877","1","0,514457969087439","0,841361214141335",FALSE,"Nyamira"
"169",7,"Kenya","KEKR7AFL2015.DTA",2015,421,"region",8,"0,205871664178758","0,519852710110004","0,611459097995713","0,89126039817217","0,567240632940549","0,144297758459468","0,222644505536589","0,0658171030633948","0,689928470622336","0,427487418765839","0,0168517153650649","0,95946057417877","1","0,514457969087439","0,841361214141335",FALSE,"Kisumu"
"170",7,"Kenya","KEKR7AFL2015.DTA",2015,421,"region",8,"0,205871664178758","0,519852710110004","0,611459097995713","0,89126039817217","0,567240632940549","0,144297758459468","0,222644505536589","0,0658171030633948","0,689928470622336","0,427487418765839","0,0168517153650649","0,95946057417877","1","0,514457969087439","0,841361214141335",FALSE,"Siaya"
"171",5,"Kenya","KEKR7AFL2015.DTA",2015,1127,"region",5,"0,252999097152428","0,310891797675563","0,842500148517234","0,936461584926492","0,514856191359481","0,247439669888267","0,237704138752252","0","0,369478731584039","0,197586169148162","0,0283774186522691","0,862345771922051","1","0,690504253565074","0,819589473996335",FALSE,"Kericho"
"172",5,"Kenya","KEKR7AFL2015.DTA",2015,1127,"region",5,"0,252999097152428","0,310891797675563","0,842500148517234","0,936461584926492","0,514856191359481","0,247439669888267","0,237704138752252","0","0,369478731584039","0,197586169148162","0,0283774186522691","0,862345771922051","1","0,690504253565074","0,819589473996335",FALSE,"Samburu"
"173",5,"Kenya","KEKR7AFL2015.DTA",2015,1127,"region",5,"0,252999097152428","0,310891797675563","0,842500148517234","0,936461584926492","0,514856191359481","0,247439669888267","0,237704138752252","0","0,369478731584039","0,197586169148162","0,0283774186522691","0,862345771922051","1","0,690504253565074","0,819589473996335",FALSE,"Nandi"
"174",5,"Kenya","KEKR7AFL2015.DTA",2015,1127,"region",5,"0,252999097152428","0,310891797675563","0,842500148517234","0,936461584926492","0,514856191359481","0,247439669888267","0,237704138752252","0","0,369478731584039","0,197586169148162","0,0283774186522691","0,862345771922051","1","0,690504253565074","0,819589473996335",FALSE,"Uasin Gishu"
"175",5,"Kenya","KEKR7AFL2015.DTA",2015,1127,"region",5,"0,252999097152428","0,310891797675563","0,842500148517234","0,936461584926492","0,514856191359481","0,247439669888267","0,237704138752252","0","0,369478731584039","0,197586169148162","0,0283774186522691","0,862345771922051","1","0,690504253565074","0,819589473996335",FALSE,"Baringo"
"176",5,"Kenya","KEKR7AFL2015.DTA",2015,1127,"region",5,"0,252999097152428","0,310891797675563","0,842500148517234","0,936461584926492","0,514856191359481","0,247439669888267","0,237704138752252","0","0,369478731584039","0,197586169148162","0,0283774186522691","0,862345771922051","1","0,690504253565074","0,819589473996335",FALSE,"Elgeyo-Marakwet"
"177",5,"Kenya","KEKR7AFL2015.DTA",2015,1127,"region",5,"0,252999097152428","0,310891797675563","0,842500148517234","0,936461584926492","0,514856191359481","0,247439669888267","0,237704138752252","0","0,369478731584039","0,197586169148162","0,0283774186522691","0,862345771922051","1","0,690504253565074","0,819589473996335",FALSE,"West Pokot"
"178",5,"Kenya","KEKR7AFL2015.DTA",2015,1127,"region",5,"0,252999097152428","0,310891797675563","0,842500148517234","0,936461584926492","0,514856191359481","0,247439669888267","0,237704138752252","0","0,369478731584039","0,197586169148162","0,0283774186522691","0,862345771922051","1","0,690504253565074","0,819589473996335",FALSE,"Trans Nzoia"
"179",5,"Kenya","KEKR7AFL2015.DTA",2015,1127,"region",5,"0,252999097152428","0,310891797675563","0,842500148517234","0,936461584926492","0,514856191359481","0,247439669888267","0,237704138752252","0","0,369478731584039","0,197586169148162","0,0283774186522691","0,862345771922051","1","0,690504253565074","0,819589473996335",FALSE,"Bomet"
"180",5,"Kenya","KEKR7AFL2015.DTA",2015,1127,"region",5,"0,252999097152428","0,310891797675563","0,842500148517234","0,936461584926492","0,514856191359481","0,247439669888267","0,237704138752252","0","0,369478731584039","0,197586169148162","0,0283774186522691","0,862345771922051","1","0,690504253565074","0,819589473996335",FALSE,"Narok"
"181",5,"Kenya","KEKR7AFL2015.DTA",2015,1127,"region",5,"0,252999097152428","0,310891797675563","0,842500148517234","0,936461584926492","0,514856191359481","0,247439669888267","0,237704138752252","0","0,369478731584039","0,197586169148162","0,0283774186522691","0,862345771922051","1","0,690504253565074","0,819589473996335",FALSE,"Turkana"
"182",5,"Kenya","KEKR7AFL2015.DTA",2015,1127,"region",5,"0,252999097152428","0,310891797675563","0,842500148517234","0,936461584926492","0,514856191359481","0,247439669888267","0,237704138752252","0","0,369478731584039","0,197586169148162","0,0283774186522691","0,862345771922051","1","0,690504253565074","0,819589473996335",FALSE,"Kajiado"
"183",5,"Kenya","KEKR7AFL2015.DTA",2015,1127,"region",5,"0,252999097152428","0,310891797675563","0,842500148517234","0,936461584926492","0,514856191359481","0,247439669888267","0,237704138752252","0","0,369478731584039","0,197586169148162","0,0283774186522691","0,862345771922051","1","0,690504253565074","0,819589473996335",FALSE,"Nakuru"
"184",5,"Kenya","KEKR7AFL2015.DTA",2015,1127,"region",5,"0,252999097152428","0,310891797675563","0,842500148517234","0,936461584926492","0,514856191359481","0,247439669888267","0,237704138752252","0","0,369478731584039","0,197586169148162","0,0283774186522691","0,862345771922051","1","0,690504253565074","0,819589473996335",FALSE,"Laikipia"
"185",6,"Kenya","KEKR7AFL2015.DTA",2015,340,"region",7,"0,187411317972577","0,467002741276076","0,747782288327176","0,865142060484427","0,781949028711081","0,105038847527034","0,104109827034087","0,00890229672779778","0,780241861514928","0,640947922896444","0,0337662669066568","0,967154590134221","0,841992242101508","0,619493587331132","0,828441107794848",FALSE,"Kakamega"
"186",6,"Kenya","KEKR7AFL2015.DTA",2015,340,"region",7,"0,187411317972577","0,467002741276076","0,747782288327176","0,865142060484427","0,781949028711081","0,105038847527034","0,104109827034087","0,00890229672779778","0,780241861514928","0,640947922896444","0,0337662669066568","0,967154590134221","0,841992242101508","0,619493587331132","0,828441107794848",FALSE,"Vihiga"
"187",6,"Kenya","KEKR7AFL2015.DTA",2015,340,"region",7,"0,187411317972577","0,467002741276076","0,747782288327176","0,865142060484427","0,781949028711081","0,105038847527034","0,104109827034087","0,00890229672779778","0,780241861514928","0,640947922896444","0,0337662669066568","0,967154590134221","0,841992242101508","0,619493587331132","0,828441107794848",FALSE,"Bungoma"
"188",6,"Kenya","KEKR7AFL2015.DTA",2015,340,"region",7,"0,187411317972577","0,467002741276076","0,747782288327176","0,865142060484427","0,781949028711081","0,105038847527034","0,104109827034087","0,00890229672779778","0,780241861514928","0,640947922896444","0,0337662669066568","0,967154590134221","0,841992242101508","0,619493587331132","0,828441107794848",FALSE,"Busia"
"189",4,"Kenya","KEKR81FL2020.DTA",2020,197,"region",4,"0,418329687529472","0,16376641858523","0,689937942564392","0,585328165625835","0,252069657417588","0,268803234472254","0,479127108110158","0","0","0,205572897447218","0,048968983114576","0,880655780487048","0,704524624389639","0,485029939338358","0,70300516816857",TRUE,"Kiambu"
"190",4,"Kenya","KEKR81FL2020.DTA",2020,197,"region",4,"0,418329687529472","0,16376641858523","0,689937942564392","0,585328165625835","0,252069657417588","0,268803234472254","0,479127108110158","0","0","0,205572897447218","0,048968983114576","0,880655780487048","0,704524624389639","0,485029939338358","0,70300516816857",TRUE,"Muranga"
"191",4,"Kenya","KEKR81FL2020.DTA",2020,197,"region",4,"0,418329687529472","0,16376641858523","0,689937942564392","0,585328165625835","0,252069657417588","0,268803234472254","0,479127108110158","0","0","0,205572897447218","0,048968983114576","0,880655780487048","0,704524624389639","0,485029939338358","0,70300516816857",TRUE,"Kirinyaga"
"192",4,"Kenya","KEKR81FL2020.DTA",2020,197,"region",4,"0,418329687529472","0,16376641858523","0,689937942564392","0,585328165625835","0,252069657417588","0,268803234472254","0,479127108110158","0","0","0,205572897447218","0,048968983114576","0,880655780487048","0,704524624389639","0,485029939338358","0,70300516816857",TRUE,"Nyandarua"
"193",4,"Kenya","KEKR81FL2020.DTA",2020,197,"region",4,"0,418329687529472","0,16376641858523","0,689937942564392","0,585328165625835","0,252069657417588","0,268803234472254","0,479127108110158","0","0","0,205572897447218","0,048968983114576","0,880655780487048","0,704524624389639","0,485029939338358","0,70300516816857",TRUE,"Nyeri"
"194",1,"Kenya","KEKR81FL2020.DTA",2020,466,"region",1,"0,385256434219657","0,230122355827152","0,613514191176851","0,879997651946318","0,45534019292415","0,3015669024217","0,24309290465415","0","0,569925358095547","0,0832590809193834","0,0923737605186162","0,485709140247979","0,388567312198383","0,405249569283852","0,660538215923738",TRUE,"Mombasa"
"195",1,"Kenya","KEKR81FL2020.DTA",2020,466,"region",1,"0,385256434219657","0,230122355827152","0,613514191176851","0,879997651946318","0,45534019292415","0,3015669024217","0,24309290465415","0","0,569925358095547","0,0832590809193834","0,0923737605186162","0,485709140247979","0,388567312198383","0,405249569283852","0,660538215923738",TRUE,"Tana River"
"196",1,"Kenya","KEKR81FL2020.DTA",2020,466,"region",1,"0,385256434219657","0,230122355827152","0,613514191176851","0,879997651946318","0,45534019292415","0,3015669024217","0,24309290465415","0","0,569925358095547","0,0832590809193834","0,0923737605186162","0,485709140247979","0,388567312198383","0,405249569283852","0,660538215923738",TRUE,"Kilifi"
"197",1,"Kenya","KEKR81FL2020.DTA",2020,466,"region",1,"0,385256434219657","0,230122355827152","0,613514191176851","0,879997651946318","0,45534019292415","0,3015669024217","0,24309290465415","0","0,569925358095547","0,0832590809193834","0,0923737605186162","0,485709140247979","0,388567312198383","0,405249569283852","0,660538215923738",TRUE,"Taita Taveta"
"198",1,"Kenya","KEKR81FL2020.DTA",2020,466,"region",1,"0,385256434219657","0,230122355827152","0,613514191176851","0,879997651946318","0,45534019292415","0,3015669024217","0,24309290465415","0","0,569925358095547","0,0832590809193834","0,0923737605186162","0,485709140247979","0,388567312198383","0,405249569283852","0,660538215923738",TRUE,"Kwale"
"199",1,"Kenya","KEKR81FL2020.DTA",2020,466,"region",1,"0,385256434219657","0,230122355827152","0,613514191176851","0,879997651946318","0,45534019292415","0,3015669024217","0,24309290465415","0","0,569925358095547","0,0832590809193834","0,0923737605186162","0,485709140247979","0,388567312198383","0,405249569283852","0,660538215923738",TRUE,"Lamu"
"200",3,"Kenya","KEKR81FL2020.DTA",2020,482,"region",3,"0,246538645547607","0,0761282011122254","0,701139473716766","0,86059396153102","0,225019492161053","0,33755950242933","0,437421005409617","0","0,507284698399376","0,0208149010555798","0,0244172834110315","0,473377323513695","0,378701858810956","0,455644951856263","0,64986349925625",TRUE,"Kitui"
"201",3,"Kenya","KEKR81FL2020.DTA",2020,482,"region",3,"0,246538645547607","0,0761282011122254","0,701139473716766","0,86059396153102","0,225019492161053","0,33755950242933","0,437421005409617","0","0,507284698399376","0,0208149010555798","0,0244172834110315","0,473377323513695","0,378701858810956","0,455644951856263","0,64986349925625",TRUE,"Machakos"
"202",3,"Kenya","KEKR81FL2020.DTA",2020,482,"region",3,"0,246538645547607","0,0761282011122254","0,701139473716766","0,86059396153102","0,225019492161053","0,33755950242933","0,437421005409617","0","0,507284698399376","0,0208149010555798","0,0244172834110315","0,473377323513695","0,378701858810956","0,455644951856263","0,64986349925625",TRUE,"Makueni"
"203",3,"Kenya","KEKR81FL2020.DTA",2020,482,"region",3,"0,246538645547607","0,0761282011122254","0,701139473716766","0,86059396153102","0,225019492161053","0,33755950242933","0,437421005409617","0","0,507284698399376","0,0208149010555798","0,0244172834110315","0,473377323513695","0,378701858810956","0,455644951856263","0,64986349925625",TRUE,"Isiolo"
"204",3,"Kenya","KEKR81FL2020.DTA",2020,482,"region",3,"0,246538645547607","0,0761282011122254","0,701139473716766","0,86059396153102","0,225019492161053","0,33755950242933","0,437421005409617","0","0,507284698399376","0,0208149010555798","0,0244172834110315","0,473377323513695","0,378701858810956","0,455644951856263","0,64986349925625",TRUE,"Meru"
"205",3,"Kenya","KEKR81FL2020.DTA",2020,482,"region",3,"0,246538645547607","0,0761282011122254","0,701139473716766","0,86059396153102","0,225019492161053","0,33755950242933","0,437421005409617","0","0,507284698399376","0,0208149010555798","0,0244172834110315","0,473377323513695","0,378701858810956","0,455644951856263","0,64986349925625",TRUE,"Marsabit"
"206",3,"Kenya","KEKR81FL2020.DTA",2020,482,"region",3,"0,246538645547607","0,0761282011122254","0,701139473716766","0,86059396153102","0,225019492161053","0,33755950242933","0,437421005409617","0","0,507284698399376","0,0208149010555798","0,0244172834110315","0,473377323513695","0,378701858810956","0,455644951856263","0,64986349925625",TRUE,"Tharaka-Nithi"
"207",3,"Kenya","KEKR81FL2020.DTA",2020,482,"region",3,"0,246538645547607","0,0761282011122254","0,701139473716766","0,86059396153102","0,225019492161053","0,33755950242933","0,437421005409617","0","0,507284698399376","0,0208149010555798","0,0244172834110315","0,473377323513695","0,378701858810956","0,455644951856263","0,64986349925625",TRUE,"Embu"
"208",8,"Kenya","KEKR81FL2020.DTA",2020,36,"region",9,"1","0,0452941086106515","0,658364575185215","1","1","0","0","0","1","0,205572897447218","0,048968983114576","0,807619150897693","0,646095320718155","0,53485018790011","0,812392112302887",TRUE,"Nairobi"
"209",2,"Kenya","KEKR81FL2020.DTA",2020,161,"region",2,"0,220660743800739","0,186282521106876","0,808034511912075","0,839864965417973","0,521867128415459","0,140398240904419","0,337734630680122","0","0,387527293575184","0,205572897447218","0,048968983114576","0,834340582504193","0,667472466003354","0,621857093185138","0,769592243917428",TRUE,"Garissa"
"210",2,"Kenya","KEKR81FL2020.DTA",2020,161,"region",2,"0,220660743800739","0,186282521106876","0,808034511912075","0,839864965417973","0,521867128415459","0,140398240904419","0,337734630680122","0","0,387527293575184","0,205572897447218","0,048968983114576","0,834340582504193","0,667472466003354","0,621857093185138","0,769592243917428",TRUE,"Wajir"
"211",2,"Kenya","KEKR81FL2020.DTA",2020,161,"region",2,"0,220660743800739","0,186282521106876","0,808034511912075","0,839864965417973","0,521867128415459","0,140398240904419","0,337734630680122","0","0,387527293575184","0,205572897447218","0,048968983114576","0,834340582504193","0,667472466003354","0,621857093185138","0,769592243917428",TRUE,"Mandera"
"212",7,"Kenya","KEKR81FL2020.DTA",2020,739,"region",8,"0,263410625330237","0,222952727793625","0,607794206517281","0,877710500673908","0,640284240459548","0,0905244058844578","0,269191353655994","0","0,732132487731563","0,40731170957953","0,0563464762981847","0,873123137038372","1","0,493442711557752","0,811858201783834",FALSE,"Migori"
"213",7,"Kenya","KEKR81FL2020.DTA",2020,739,"region",8,"0,263410625330237","0,222952727793625","0,607794206517281","0,877710500673908","0,640284240459548","0,0905244058844578","0,269191353655994","0","0,732132487731563","0,40731170957953","0,0563464762981847","0,873123137038372","1","0,493442711557752","0,811858201783834",FALSE,"Homa Bay"
"214",7,"Kenya","KEKR81FL2020.DTA",2020,739,"region",8,"0,263410625330237","0,222952727793625","0,607794206517281","0,877710500673908","0,640284240459548","0,0905244058844578","0,269191353655994","0","0,732132487731563","0,40731170957953","0,0563464762981847","0,873123137038372","1","0,493442711557752","0,811858201783834",FALSE,"Kisii"
"215",7,"Kenya","KEKR81FL2020.DTA",2020,739,"region",8,"0,263410625330237","0,222952727793625","0,607794206517281","0,877710500673908","0,640284240459548","0,0905244058844578","0,269191353655994","0","0,732132487731563","0,40731170957953","0,0563464762981847","0,873123137038372","1","0,493442711557752","0,811858201783834",FALSE,"Nyamira"
"216",7,"Kenya","KEKR81FL2020.DTA",2020,739,"region",8,"0,263410625330237","0,222952727793625","0,607794206517281","0,877710500673908","0,640284240459548","0,0905244058844578","0,269191353655994","0","0,732132487731563","0,40731170957953","0,0563464762981847","0,873123137038372","1","0,493442711557752","0,811858201783834",FALSE,"Kisumu"
"217",7,"Kenya","KEKR81FL2020.DTA",2020,739,"region",8,"0,263410625330237","0,222952727793625","0,607794206517281","0,877710500673908","0,640284240459548","0,0905244058844578","0,269191353655994","0","0,732132487731563","0,40731170957953","0,0563464762981847","0,873123137038372","1","0,493442711557752","0,811858201783834",FALSE,"Siaya"
"218",5,"Kenya","KEKR81FL2020.DTA",2020,829,"region",5,"0,274071083852008","0,1316254460233","0,64902439719427","0,829591200675111","0,51174402880975","0,136776939163247","0,347510861949107","0,00396817007789613","0,38326416853298","0,157995017187418","0,0983784929017972","0,659537039760841","0,0623880383755875","0,434714408110286","0,669796713327812",FALSE,"Kericho"
"219",5,"Kenya","KEKR81FL2020.DTA",2020,829,"region",5,"0,274071083852008","0,1316254460233","0,64902439719427","0,829591200675111","0,51174402880975","0,136776939163247","0,347510861949107","0,00396817007789613","0,38326416853298","0,157995017187418","0,0983784929017972","0,659537039760841","0,0623880383755875","0,434714408110286","0,669796713327812",FALSE,"Samburu"
"220",5,"Kenya","KEKR81FL2020.DTA",2020,829,"region",5,"0,274071083852008","0,1316254460233","0,64902439719427","0,829591200675111","0,51174402880975","0,136776939163247","0,347510861949107","0,00396817007789613","0,38326416853298","0,157995017187418","0,0983784929017972","0,659537039760841","0,0623880383755875","0,434714408110286","0,669796713327812",FALSE,"Nandi"
"221",5,"Kenya","KEKR81FL2020.DTA",2020,829,"region",5,"0,274071083852008","0,1316254460233","0,64902439719427","0,829591200675111","0,51174402880975","0,136776939163247","0,347510861949107","0,00396817007789613","0,38326416853298","0,157995017187418","0,0983784929017972","0,659537039760841","0,0623880383755875","0,434714408110286","0,669796713327812",FALSE,"Uasin Gishu"
"222",5,"Kenya","KEKR81FL2020.DTA",2020,829,"region",5,"0,274071083852008","0,1316254460233","0,64902439719427","0,829591200675111","0,51174402880975","0,136776939163247","0,347510861949107","0,00396817007789613","0,38326416853298","0,157995017187418","0,0983784929017972","0,659537039760841","0,0623880383755875","0,434714408110286","0,669796713327812",FALSE,"Baringo"
"223",5,"Kenya","KEKR81FL2020.DTA",2020,829,"region",5,"0,274071083852008","0,1316254460233","0,64902439719427","0,829591200675111","0,51174402880975","0,136776939163247","0,347510861949107","0,00396817007789613","0,38326416853298","0,157995017187418","0,0983784929017972","0,659537039760841","0,0623880383755875","0,434714408110286","0,669796713327812",FALSE,"Elgeyo-Marakwet"
"224",5,"Kenya","KEKR81FL2020.DTA",2020,829,"region",5,"0,274071083852008","0,1316254460233","0,64902439719427","0,829591200675111","0,51174402880975","0,136776939163247","0,347510861949107","0,00396817007789613","0,38326416853298","0,157995017187418","0,0983784929017972","0,659537039760841","0,0623880383755875","0,434714408110286","0,669796713327812",FALSE,"West Pokot"
"225",5,"Kenya","KEKR81FL2020.DTA",2020,829,"region",5,"0,274071083852008","0,1316254460233","0,64902439719427","0,829591200675111","0,51174402880975","0,136776939163247","0,347510861949107","0,00396817007789613","0,38326416853298","0,157995017187418","0,0983784929017972","0,659537039760841","0,0623880383755875","0,434714408110286","0,669796713327812",FALSE,"Trans Nzoia"
"226",5,"Kenya","KEKR81FL2020.DTA",2020,829,"region",5,"0,274071083852008","0,1316254460233","0,64902439719427","0,829591200675111","0,51174402880975","0,136776939163247","0,347510861949107","0,00396817007789613","0,38326416853298","0,157995017187418","0,0983784929017972","0,659537039760841","0,0623880383755875","0,434714408110286","0,669796713327812",FALSE,"Bomet"
"227",5,"Kenya","KEKR81FL2020.DTA",2020,829,"region",5,"0,274071083852008","0,1316254460233","0,64902439719427","0,829591200675111","0,51174402880975","0,136776939163247","0,347510861949107","0,00396817007789613","0,38326416853298","0,157995017187418","0,0983784929017972","0,659537039760841","0,0623880383755875","0,434714408110286","0,669796713327812",FALSE,"Narok"
"228",5,"Kenya","KEKR81FL2020.DTA",2020,829,"region",5,"0,274071083852008","0,1316254460233","0,64902439719427","0,829591200675111","0,51174402880975","0,136776939163247","0,347510861949107","0,00396817007789613","0,38326416853298","0,157995017187418","0,0983784929017972","0,659537039760841","0,0623880383755875","0,434714408110286","0,669796713327812",FALSE,"Turkana"
"229",5,"Kenya","KEKR81FL2020.DTA",2020,829,"region",5,"0,274071083852008","0,1316254460233","0,64902439719427","0,829591200675111","0,51174402880975","0,136776939163247","0,347510861949107","0,00396817007789613","0,38326416853298","0,157995017187418","0,0983784929017972","0,659537039760841","0,0623880383755875","0,434714408110286","0,669796713327812",FALSE,"Kajiado"
"230",5,"Kenya","KEKR81FL2020.DTA",2020,829,"region",5,"0,274071083852008","0,1316254460233","0,64902439719427","0,829591200675111","0,51174402880975","0,136776939163247","0,347510861949107","0,00396817007789613","0,38326416853298","0,157995017187418","0,0983784929017972","0,659537039760841","0,0623880383755875","0,434714408110286","0,669796713327812",FALSE,"Nakuru"
"231",5,"Kenya","KEKR81FL2020.DTA",2020,829,"region",5,"0,274071083852008","0,1316254460233","0,64902439719427","0,829591200675111","0,51174402880975","0,136776939163247","0,347510861949107","0,00396817007789613","0,38326416853298","0,157995017187418","0,0983784929017972","0,659537039760841","0,0623880383755875","0,434714408110286","0,669796713327812",FALSE,"Laikipia"
"232",6,"Kenya","KEKR81FL2020.DTA",2020,671,"region",7,"0,120128796683156","0,35591035320248","0,570984776668711","0,901235358255174","0,666326784172904","0,1219786672745","0,202877283580639","0,00881726497195619","0,702545168100868","0,443500510516051","0,0165034976386002","0,963165173731099","1","0,48233457347917","0,844741564378036",FALSE,"Kakamega"
"233",6,"Kenya","KEKR81FL2020.DTA",2020,671,"region",7,"0,120128796683156","0,35591035320248","0,570984776668711","0,901235358255174","0,666326784172904","0,1219786672745","0,202877283580639","0,00881726497195619","0,702545168100868","0,443500510516051","0,0165034976386002","0,963165173731099","1","0,48233457347917","0,844741564378036",FALSE,"Vihiga"
"234",6,"Kenya","KEKR81FL2020.DTA",2020,671,"region",7,"0,120128796683156","0,35591035320248","0,570984776668711","0,901235358255174","0,666326784172904","0,1219786672745","0,202877283580639","0,00881726497195619","0,702545168100868","0,443500510516051","0,0165034976386002","0,963165173731099","1","0,48233457347917","0,844741564378036",FALSE,"Bungoma"
"235",6,"Kenya","KEKR81FL2020.DTA",2020,671,"region",7,"0,120128796683156","0,35591035320248","0,570984776668711","0,901235358255174","0,666326784172904","0,1219786672745","0,202877283580639","0,00881726497195619","0,702545168100868","0,443500510516051","0,0165034976386002","0,963165173731099","1","0,48233457347917","0,844741564378036",FALSE,"Busia"
"236",1,"Kenya","KEKR8BFL2022.DTA",2022,339,"region",1,"1","0,205527301607021","0,417267185932853","0,881634730603112","0,225102885077933","0,48422891709189","0,290668197830177","0","0,603178346580026","0,223000906698405","0,0445791190334188","0,853606398637803","0,682885118910243","0,329616791643144","0,789941799296402",TRUE,"Mombasa"
"237",2,"Kenya","KEKR8BFL2022.DTA",2022,409,"region",2,"0,12344324243813","0,0591254359241807","0,576883564337519","0,656102145574281","1","0","0","0","0,406022370993744","0,156568100520136","0,233136922928335","0,674037835564919","0","0,329485047007072","0,57114653177101",FALSE,"Kwale"
"238",3,"Kenya","KEKR8BFL2022.DTA",2022,373,"region",3,"0,207737467806805","0,164350773850738","0,609609174598387","0,906246601004149","0,861126687021897","0,0898906481944484","0,0489826647836549","0","0,356775120566869","0,223000906698405","0,0445791190334188","0,849324337060941","0,679459469648753","0,485525709714058","0,796454072453755",TRUE,"Kilifi"
"239",4,"Kenya","KEKR8BFL2022.DTA",2022,599,"region",4,"0,292331129140634","0,176661351448798","0,540072994885018","0,963150073634648","0,872825095959186","0,0380996863100453","0,0890752177307689","0","0,403637260027311","0,028422599128966","0,100885245894112","0,221437674911228","0,177150139928983","0,321510990530834","0,595310251717518",TRUE,"Tana River"
"240",5,"Kenya","KEKR8BFL2022.DTA",2022,410,"region",5,"0,341196015172132","0,287754304008869","0,778080829893732","0,881410632837615","0,557293034257294","0,105546731351986","0,33716023439072","0","0,243730932663403","0,0140205134497205","0,0223453955854506","0,394906363350378","0,315925090680303","0,489564006029525","0,629194278049992",TRUE,"Lamu"
"241",6,"Kenya","KEKR8BFL2022.DTA",2022,243,"region",6,"0,271888242177595","0,107874601260695","0,576357321230678","0,86288597990706","0,594345914832771","0,177937395074059","0,22771669009317","0","0,21007984339122","0,223000906698405","0,0445791190334188","0,856897459466032","0,685517967572826","0,452435790918231","0,784991834496279",TRUE,"Taita Taveta"
"242",7,"Kenya","KEKR8BFL2022.DTA",2022,557,"region",7,"0,513659269618053","0,0654868941866627","0,549847006648973","1","0,249719872015874","0,630037601576622","0,120242526407504","0","0,868999221505135","0,223000906698405","0,0445791190334188","0,833398928371069","0,666719142696855","0,451647778414131","0,821406269294228",TRUE,"Garissa"
"243",8,"Kenya","KEKR8BFL2022.DTA",2022,657,"region",8,"0,40216804871768","0,240203193205355","0,568858937799042","0,787572726906853","0,298894198242235","0,362078928548344","0,339026873209421","0","0,236035472362156","0,223000906698405","0,0445791190334188","0,870377303813315","0,696301843050652","0,435294038224064","0,765205588415731",TRUE,"Wajir"
"244",9,"Kenya","KEKR8BFL2022.DTA",2022,868,"region",9,"0,41277158202625","0,131221218446316","0,375422321871843","0,837586258952125","0,204974643629748","0,319722824615787","0,475302531754465","0","0,482224591416476","0,183823071207035","0,04365394023077","0,667955340483611","1","0,279344392620669","0,744080403178656",FALSE,"Mandera"
"245",10,"Kenya","KEKR8BFL2022.DTA",2022,515,"region",10,"0,233171202032436","0,0692883415057599","0,461206853423655","1","0,636832853962355","0,0339774067299636","0,262270482864617","0,0669192564430641","0,492992875483429","0,223000906698405","0,0445791190334188","0,833398928371069","0,666719142696855","0,378838200843654","0,821406269294228",TRUE,"Marsabit"
"246",11,"Kenya","KEKR8BFL2022.DTA",2022,454,"region",11,"0,507185159276342","0,173067422865529","0,599349599968304","0,985540508392295","0,46255971572623","0,188471782298233","0,348968501975537","0","0,492736944501731","0,221239597660014","0,040212511738069","0,848649705683174","0,678919764546539","0,492684329866837","0,822031632110694",TRUE,"Isiolo"
"247",12,"Kenya","KEKR8BFL2022.DTA",2022,278,"region",12,"0,111736674589054","0,213055792295475","0,656893095555907","0,830006938625079","0,486553266727567","0,341556647979481","0,171890085292952","0","0,270576744241957","0,223000906698405","0,0445791190334188","0,862730570536516","0,690184456429213","0,509968733909882","0,776334440657064",TRUE,"Meru"
"248",13,"Kenya","KEKR8BFL2022.DTA",2022,252,"region",13,"0,110684754659442","0,313998418261995","0,743889554453379","0,956777156220785","0,601114988428671","0,241272166471444","0,157612845099885","0","0,444616633458785","0,0151599165962038","0,0440599118826498","0,258226183490755","0,206580946792604","0,450861351091649","0,606086412146153",TRUE,"Tharaka-Nithi"
"249",14,"Kenya","KEKR8BFL2022.DTA",2022,252,"region",14,"0,147282084574962","0,113956062333857","0,79467346390715","0,774929608262705","0,314690547999206","0,346945493945468","0,338363958055325","0","0,0799554664036193","0,223000906698405","0,0445791190334188","0,872681899780184","0,698145519824147","0,605461446813752","0,761899666105492",TRUE,"Embu"
"250",15,"Kenya","KEKR8BFL2022.DTA",2022,312,"region",15,"0,0741440949873717","0,0999849341244788","0,544271999286035","0,940105327623272","0,591007932101464","0,198881398220618","0,210110669677918","0","0,215530404533567","0,226799998019123","0,0689324779613696","0,776207478690019","0,620965982952015","0,42555946492909","0,781887485461921",TRUE,"Kitui"
"251",16,"Kenya","KEKR8BFL2022.DTA",2022,266,"region",16,"0,425647925144417","0,165250680572339","0,780434092943413","0,737376564961011","0,570928661486067","0,306703691479177","0,122367647034756","0","0,289955603935685","0,0670033367358282","0,0900440463037932","0,450295725093698","0,360236580074959","0,469357264859005","0,601405383366608",TRUE,"Machakos"
"252",17,"Kenya","KEKR8BFL2022.DTA",2022,314,"region",17,"0,155631036656247","0,0396162752455168","0,915906994894475","0,947484050212197","0,756756316534409","0","0,243243683465591","0","0,182754592546641","0,223000906698405","0,0445791190334188","0,842245189588155","0,673796151670524","0,739504544922337","0,8074013508408",TRUE,"Makueni"
"253",18,"Kenya","KEKR8BFL2022.DTA",2022,286,"region",18,"0,141949869225735","0,0936703939068699","0,732608806206969","0,624749469556028","0,540261506405149","0,14260811447029","0,317130379124561","0","0,31661579389844","0,223000906698405","0,0445791190334188","0,901020621611179","0,720816497288943","0,529670935491853","0,722992859223448",TRUE,"Nyandarua"
"254",19,"Kenya","KEKR8BFL2022.DTA",2022,228,"region",19,"0,248762282668526","0,151846925279152","0,976124471621364","0,844435703865871","0,424248829203243","0,184628972559435","0,391122198237322","0","0,235325929663678","0,223000906698405","0,0445791190334188","0,860160996363327","0,688128797090662","0,761504003545552","0,780130019976527",TRUE,"Nyeri"
"255",20,"Kenya","KEKR8BFL2022.DTA",2022,257,"region",20,"0,318177793068339","0,0562822978268785","0,750465725734297","0,803193932546479","0,239020349952397","0,189331014325055","0,571648635722549","0","0,299169246226039","0,223000906698405","0,0445791190334188","0,867546615933984","0,694037292747188","0,577330670721543","0,769296519380216",TRUE,"Kirinyaga"
"256",21,"Kenya","KEKR8BFL2022.DTA",2022,256,"region",21,"0,158418783839904","0,160845262206581","0,713313718354624","0,984777351233067","0,377320073777116","0,472351335778703","0,150328590444181","0","0,142727375979085","0,223000906698405","0,0445791190334188","0,835943984704667","0,668755187763733","0,583019472237376","0,817339492057165",TRUE,"Muranga"
"257",22,"Kenya","KEKR8BFL2022.DTA",2022,340,"region",22,"0,76631865275795","0,170927498471272","0,680286196515517","0,824867381565269","0,144018156945776","0,538557842493308","0,317424000560916","0","0,361318943813279","0,223000906698405","0,0445791190334188","0,86364957050975","0,6909196564078","0,527210810638753","0,774983842593265",TRUE,"Kiambu"
"258",23,"Kenya","KEKR8BFL2022.DTA",2022,572,"region",23,"0,210710033481822","0,23080276710935","0,754678359238194","1","0,713574639004604","0,14924584142479","0,137179519570606","0","0,69572128879251","0,357439827499159","0,0953475579922827","0,789420904717133","0,631536723773706","0,608292577971472","0,806028913543393",TRUE,"Turkana"
"259",24,"Kenya","KEKR8BFL2022.DTA",2022,751,"region",24,"0,0590745466084503","0,0832912551296157","0,719728057214679","0,973478711711083","0,442130724756283","0,201726277223983","0,356142998019734","0","0,581712039075886","0,223000906698405","0,0445791190334188","0,837843063858562","0,670274451086849","0,586092415217269","0,814324812465176",TRUE,"West Pokot"
"260",25,"Kenya","KEKR8BFL2022.DTA",2022,555,"region",25,"0,132036094225999","0,136190635898587","0,51012198041183","0,955848847351328","0,724743632930928","0,170273066507898","0,104983300561174","0","0,464955977942245","0,186904546057224","0,0618103956434018","0,758175839108145","0,606540671286516","0,398257118927639","0,780709583629624",TRUE,"Samburu"
"261",26,"Kenya","KEKR8BFL2022.DTA",2022,365,"region",26,"0,238786654551155","0,178305992609529","0,740038634513081","0,828918826760534","0,686857142767011","0,229370963877951","0,0837718933550385","0","0,540403487924414","0,391693203055521","0,0196973905939982","0,941978581701945","1","0,608655004797241","0,82246382338905",FALSE,"Trans Nzoia"
"262",27,"Kenya","KEKR8BFL2022.DTA",2022,376,"region",27,"0,445307881063373","0,247274939549641","0,760691628350552","0,8725660586626","0,63705108277305","0,217488427332767","0,145460489894183","0","0,313014323777485","0,096437414442443","0,0113211238152472","0,879096996684878","1","0,618210168830624","0,812694850042088",FALSE,"Uasin Gishu"
"263",28,"Kenya","KEKR8BFL2022.DTA",2022,387,"region",28,"0,0428742364013645","0,0872927215553174","0,651066199516753","0,80190475099849","0,621207227900544","0,300185728636813","0,0786070434626431","0","0,231355717952738","0,223000906698405","0,0445791190334188","0,867779528735732","0,694223622988586","0,500642980842934","0,768958642323208",TRUE,"Elgeyo-Marakwet"
"264",29,"Kenya","KEKR8BFL2022.DTA",2022,347,"region",29,"0,0829632161601028","0,132404579911428","0,725221920083478","0,916862867933444","0,51751690519651","0,255281631198015","0,227201463605475","0","0,3652573501662","0,223000906698405","0,0445791190334188","0,847490514537521","0,677992411630017","0,579646745649291","0,799268099318578",TRUE,"Nandi"
"265",30,"Kenya","KEKR8BFL2022.DTA",2022,430,"region",30,"0,118609578948768","0,174487431791513","0,853110358025051","0,958432247456155","0,5877013610202","0,223856738675819","0,188441900303982","0","0,415392641704496","0,223000906698405","0,0445791190334188","0,840385515803539","0,672308412642832","0,691288287925602","0,810315197116975",TRUE,"Baringo"
"266",31,"Kenya","KEKR8BFL2022.DTA",2022,272,"region",31,"0,350058631672477","0,0902708049970098","0,778749323056924","0,9525133339904","0,548035973416138","0,288969485872876","0,162994540710987","0","0,176676151383705","0,223000906698405","0,0445791190334188","0,841389888494831","0,673111910795865","0,62980534079079","0,808739503385422",TRUE,"Laikipia"
"267",32,"Kenya","KEKR8BFL2022.DTA",2022,408,"region",32,"0,579320201666396","0,196247882513564","0,661857538024636","0,921623475796764","0,276465402758201","0,362207927098511","0,361326670143287","0","0,221056328161198","0,0387567803739733","0,087687601472065","0,311393665188338","0,24911493215067","0,405815141806711","0,613145757949509",TRUE,"Nakuru"
"268",33,"Kenya","KEKR8BFL2022.DTA",2022,545,"region",33,"0,0633430612066002","0,107955687432971","0,592709049795234","0,78729119644553","0,425286136498025","0,260183716701549","0,314530146800425","0","0,43271687677042","0,0222150435246127","0,130825759760374","0,151607292230499","0,121285833784399","0,304051660963362","0,512986365010632",TRUE,"Narok"
"269",34,"Kenya","KEKR8BFL2022.DTA",2022,415,"region",34,"0,575465621360077","0,210641925906763","0,601315836745182","0,941009979361835","0,521614545865076","0,320389442561562","0,157996011573363","0","0,332536923292704","0,046581937784905","0,0941101429524092","0,335044252080669","0,268035401664535","0,377499230349766","0,627788605058372",TRUE,"Kajiado"
"270",35,"Kenya","KEKR8BFL2022.DTA",2022,390,"region",35,"0,118693324500697","0,0466766327485223","0,480983992246226","1","0,617228374877368","0,147771135088152","0,235000490034481","0","0,389742984339686","0,223000906698405","0,0445791190334188","0,833398928371069","0,666719142696855","0,395083266661216","0,821406269294228",TRUE,"Kericho"
"271",36,"Kenya","KEKR8BFL2022.DTA",2022,391,"region",36,"0,0270929005993744","0,208729943934382","0,670432259568403","0,691126741748623","0,620254494372838","0,379745505627162","0","0","0,119270145719514","0,223000906698405","0,0445791190334188","0,888271596836476","0,710617277469181","0,496190233703626","0,740104949638094",TRUE,"Bomet"
"272",37,"Kenya","KEKR8BFL2022.DTA",2022,384,"region",37,"0,117377655256053","0,235753497920752","0,721941221974982","0,7358122663665","0,50668581661417","0,117744747400638","0,352301880017893","0,0232675559672989","0,492924945135765","0,3474645752326","0,0956923298762498","0,741482174547263","0,937028375614224","0,536700019431555","0,743412348672",FALSE,"Kakamega"
"273",38,"Kenya","KEKR8BFL2022.DTA",2022,311,"region",38,"0,122116930679243","0,161949395803382","0,642393188388372","0,77865814254914","0,686933208036684","0,184365129275119","0,128701662688198","0","0,382761059761761","0,223000906698405","0,0445791190334188","0,872000992235132","0,697600793788106","0,490065142493578","0,762874126550201",TRUE,"Vihiga"
"274",39,"Kenya","KEKR8BFL2022.DTA",2022,423,"region",39,"0,133176898831887","0,195579509869796","0,700385866320406","0,801150374716109","0,445709187036344","0,322210588890638","0,232080224073018","0","0,694812985147093","0,629521252413722","0,00769303536000815","0,984884039175231","1","0,580264282082494","0,828492278307971",FALSE,"Bungoma"
"275",40,"Kenya","KEKR8BFL2022.DTA",2022,402,"region",40,"0,152512238989309","0,292758916894581","0,850058455960152","0,891383879968642","0,47109787487558","0,140514220775084","0,375678119625355","0,0127097847239804","0,882326063426815","0,652341666915352","0,0337600263675957","0,945142390777737","1","0,711435937130415","0,836925898615807",FALSE,"Busia"
"276",41,"Kenya","KEKR8BFL2022.DTA",2022,375,"region",41,"0,117763136618182","0,135727545414885","0,841085418077302","0,838724170295888","0,409638461178591","0,170209801160176","0,344799600330592","0,0753521373306415","0,780207859797713","0,81366804888241","0,011416436745942","0,983363672888762","1","0,703749732909298","0,836716126309798",FALSE,"Siaya"
"277",42,"Kenya","KEKR8BFL2022.DTA",2022,408,"region",42,"0,40346940528547","0,193698541827525","0,662529268847762","0,866142868017512","0,823079182512175","0,0952725020464057","0,0561932398233943","0,025455075618025","0,679910831393618","0,340948229033908","0,173767950534787","0,680621662878526","0,544497330302821","0,479864327597487","0,724291514595338",TRUE,"Kisumu"
"278",43,"Kenya","KEKR8BFL2022.DTA",2022,388,"region",43,"0,13423979798789","0,364086598587181","0,761803555027913","0,691097369722768","0,594457655629912","0,250737218883606","0,154805125486483","0","0,544736867505236","0,604654609547758","0,0156750514118486","1","0,889031275526215","0,603001319043862","0,791544375271086",FALSE,"Homa Bay"
"279",44,"Kenya","KEKR8BFL2022.DTA",2022,476,"region",44,"0,137511409363622","0,393719846850964","0,736750633040029","0,806167955954673","0,549092879514114","0,32525673807737","0,125650382408516","0","0,604540504865137","0,53956025223391","0,0324273539903553","0,940407909996358","1","0,602008437476579","0,817112887969342",FALSE,"Migori"
"280",45,"Kenya","KEKR8BFL2022.DTA",2022,308,"region",45,"0,162586037663554","0,113121650817497","0,692346888835048","0,758787572862791","0,435840045060921","0,359060345649211","0,205099609289867","0","0,425842159264233","0,044798072974511","0,110983029493884","0,302146971376867","0,241717577101493","0,385243375568017","0,5564311500211",TRUE,"Kisii"
"281",46,"Kenya","KEKR8BFL2022.DTA",2022,248,"region",46,"0,0713963892120917","0,157474223911363","0,67241555848985","0,745531268850795","0,236538402041997","0,0811734588411117","0,682288139116891","0","0,337472751605336","0,223000906698405","0,0445791190334188","0,878088122442073","0,702470497953659","0,507156279061588","0,754230434823057",TRUE,"Nyamira"
"282",47,"Kenya","KEKR8BFL2022.DTA",2022,444,"region",47,"1","0,149541033563126","0,723264113529019","0,632030735812173","0,229233584166512","0,472640625576737","0,298125790256751","0","0,335731093217228","0,0406042867535502","0,0578918075722453","0,518067280546901","0","0,37831115696159","0,523060870690373",FALSE,"Nairobi"
